r,T,N,sim,beta_interactive.1,beta_interactive.2,beta_interactive.3,beta_interactive.4,beta_interactive.5,beta_within.1,beta_within.2,beta_within.3,beta_within.4,beta_within.5,sde_interactive.1,sde_interactive.2,sde_interactive.3,sde_interactive.4,sde_interactive.5,sde_within.1,sde_within.2,sde_within.3,sde_within.4,sde_within.5
1,50,50,0,1.320969304336354,3.3401662095884084,-0.24030969899015187,2.4984250386913684,3.9670926589819224,1.384398141163167,3.4092808959286645,3.415651369101928,,,4.0130660354349965,4.124548302009108,51.70596756194287,17.25664243224854,4.544890212872563,0.03331564834941757,0.03314006044188742,0.05064286068711036,,
1,50,50,1,1.3250370285487647,3.3867632796714466,0.6876699127177579,1.8922571565984823,4.062853890809659,1.3687332435579438,3.4146313767216148,1.5398205645202974,,,8.39489282924966,8.960682439597239,86.09082645212227,25.820920408081374,11.287428369642868,0.03359128679597568,0.03435936511689885,0.042433207715538566,,
1,50,50,2,1.3664568562092994,3.354840205622016,1.8904055443679948,1.9427132494052701,3.9066607520820273,1.4520105030193424,3.422053723393592,4.335822664232309,,,4.266188669863812,4.233264182695285,29.22571948838008,10.091623043446214,5.903990815443838,0.032672709006359386,0.032803856493578094,0.05100486157379267,,
1,50,50,3,1.3735674163124019,3.2997740668653117,0.10217390896232725,2.2495224663775177,4.097957313427694,1.4477633717471852,3.3776087737871565,4.247156969654105,,,4.484221713911193,4.645806043174177,46.791215875540026,12.725873097026303,6.032559455175384,0.03251003914806028,0.03302741407739294,0.054197922490706325,,
1,50,50,4,1.3442918721533994,3.346031296646847,-1.1698731649650163,2.161841346281134,4.121651224446104,1.4074451501018728,3.4208273309973842,4.204585618995015,,,6.070546767865729,6.259937096286489,88.83556977776442,16.477832951163816,11.187659306384548,0.03292701026103637,0.03381180157950703,0.044611203801166274,,
1,50,50,5,1.357057572812716,3.287614009314571,-0.006818390000127295,2.0314127673690674,4.0393724895184455,1.4001361713119453,3.334949132730532,2.2666303924009323,,,7.947609054371631,8.158520816539498,79.6578320965158,23.798748655059583,10.631225341055556,0.033496460593777005,0.03336021282762243,0.045860291141498775,,
1,50,50,6,1.330129904933555,3.3730840873489605,-0.5266415803257289,1.9731320132913504,4.185505342638689,1.3874562715293697,3.427724448063956,4.640469378044908,,,7.337050043492713,7.596961867006205,84.84949127778852,29.34052169920867,13.304697870022254,0.03180218175036587,0.03169811088367801,0.05055355844718671,,
1,50,50,7,1.1240896757976402,3.11692247434427,4.725358833276428,1.8630083136253814,3.770792011301304,1.4422671062619303,3.4308586425327787,3.913615493465118,,,1.6063639057729393,1.6028179352450973,2.626530710215182,1.8368098079828585,1.5995089453415987,0.03294749369942949,0.03294471669887578,0.049388045474987693,,
1,50,50,8,1.3390198195541911,3.352599680697547,2.234797062640764,2.129644447993692,3.64398367185953,1.3978086097172016,3.401402163145381,3.9400813384986066,,,3.1960120256085527,3.278671737669751,23.16191732269711,10.467470729895497,3.4244068484090993,0.03405836427852482,0.033775353090182925,0.048962385535403066,,
1,50,50,9,1.247673063757344,3.250668905707144,3.746885640609033,1.9666481626091041,3.9879953153675656,1.3890302411231448,3.3975981891878755,4.0304094341326495,,,2.715574289927297,2.642013078326846,8.858721116017001,3.2616196248613933,2.8752226816887383,0.033991842506412275,0.03354088087667903,0.049666361859891234,,
2,50,50,0,1.0303668616630945,3.1171334672937094,4.816348055551723,1.9743455687410274,3.9990256435906906,1.3495599298189935,3.447608728450878,2.8470661287381107,,,1.7237157795560678,1.7385911401534537,3.2868715465219163,1.614828896138259,1.7491795163303556,0.03455781501466435,0.033173568709983024,0.048392940939577564,,
2,50,50,1,0.9880247333785808,3.060495421570615,4.894245640537971,2.0022038902521055,3.9817441039717902,1.3233329543098211,3.3945850459255515,5.339204580522327,,,1.5953373304976135,1.5664198135442278,2.798109992502067,1.4952612619503263,1.9743583602056682,0.03343544205149287,0.03320889480846125,0.06771947025692775,,
2,50,50,2,1.0160092077228444,3.0810718455079615,4.912350513739806,2.0187791643765802,3.9882072447895895,1.386900265419595,3.439311128544608,2.6178756141250803,,,1.5972969457793853,1.5693437592665156,3.1578530572236954,1.783792833469684,2.0361714796842905,0.03289108600588483,0.03218077598528827,0.04300196233836926,,
2,50,50,3,1.0823661737466037,3.046949614704717,4.781631072390766,1.9653876222740625,3.9927393217459137,1.4308271449870602,3.3469866996468394,3.7634259329080213,,,1.727484747077467,1.6859307019457073,3.1210634322287083,1.9383247856314376,2.29305079513376,0.03494611102574798,0.03429460148636222,0.04986978614443842,,
2,50,50,4,0.9107072800679723,2.9877748199705136,5.146487065961496,1.996163284648881,4.027300146507661,1.347482934461622,3.427033952420693,4.88039151090629,,,1.63292793913611,1.6742784543570344,2.364797005460503,1.474748591577092,2.084966727489169,0.0329222011176403,0.033681635937478194,0.05017545783494352,,
2,50,50,5,0.9734740684044225,3.026321304831592,5.142637627351391,1.9921733018154621,4.00537296272587,1.364773078580502,3.420700705028671,3.702118735037355,,,1.770883107438356,1.7618236080190508,2.8480140331017076,1.7716166036358547,1.9852939190313583,0.034367262792808495,0.03455605847225887,0.04668923201253884,,
2,50,50,6,1.0878115954103533,3.08543047219616,4.460331830534587,2.1461104699595346,4.139859843648862,1.41795336989581,3.3644216401113276,4.80790823522891,,,1.924705288663974,1.8676630515152797,6.297711059580105,2.902862901555454,2.640340076222274,0.03226167766099921,0.032825844322211764,0.04804015828658931,,
2,50,50,7,1.0772808840163715,3.011270199949699,4.872153184611505,1.9382647352363707,4.041678560957658,1.4301407312255003,3.3826339025647814,3.7249437062416613,,,1.6847555707875042,1.631314044065082,2.929919586107649,1.670158446666207,2.0375655102954107,0.03336061872070008,0.03287394743617374,0.048798101209486695,,
2,50,50,8,1.0308933266756832,2.9930176852655936,4.950800183626472,1.963484948975094,4.005668808810023,1.401146720968411,3.3845195389000358,3.9391723678359964,,,1.5532313596058296,1.5744213750370615,2.386755368026985,1.48724756471159,1.6578191547846024,0.032583898690849065,0.032817319554334444,0.051793334848347874,,
2,50,50,9,1.0513718931388092,3.099583083678751,4.879458395592747,1.9188412317056984,4.0760051341784145,1.348424933595006,3.441137085113385,3.5884195638303122,,,1.7788582216910294,1.7518921789479929,3.153224963094421,1.545916492889522,2.3360881375181894,0.03613099082161015,0.03529601981464161,0.05457544514606017,,
3,50,50,0,1.1013207778628045,3.141146243058854,4.515678880996683,2.1397164269508755,3.977634968311051,1.4157187521462233,3.4462704659377055,3.8726897078382834,,,1.597226469009946,1.5779428109718832,3.8759266564193977,2.158879710530817,1.6975228403472935,0.032491910374299056,0.03192189384849719,0.05188640916557783,,
3,50,50,1,1.0545987429447896,3.060632404016925,4.907849535816897,2.0595999135599397,4.002640845533332,1.3760085019712431,3.400056091834635,4.98232642192054,,,1.5020103574882295,1.5426171750630084,3.1857238130528893,1.8077699568595362,1.6535363025744447,0.03327975615051853,0.03282601029184918,0.05646358526255303,,
3,50,50,2,0.9750275943534243,2.9421997465586727,5.089997270824467,2.0229391656921534,3.947596742171555,1.442687042268949,3.411425413149911,3.3073155158824914,,,1.6389014337057617,1.7289554960988636,2.6550901547474033,1.661859980055498,1.9273143961908679,0.03278929304569947,0.03280363715693094,0.04672348179833691,,
3,50,50,3,1.0059921768127738,2.989694629298429,4.9651351863484585,2.001631137156244,4.010603329815016,1.4362122833504505,3.4065324040746257,5.392176480617436,,,1.5886160075331868,1.5832906406718972,2.566047866584857,1.4159754667856033,2.2028201129488445,0.033305468890083574,0.033151066494286244,0.05213931574570515,,
3,50,50,4,1.080276623213662,2.994537472730132,4.897284375600539,1.92948329122652,4.069798553374252,1.4130813009291725,3.335545031174779,5.0176655810125395,,,1.612720581876534,1.568974754395564,2.8301246686025636,1.414029610683408,2.0222226557851513,0.03406741183725721,0.03400866876076043,0.055805555133202206,,
3,50,50,5,1.1142855247203258,3.06793768336839,4.638533421563345,1.9973548670637273,4.0269381556545,1.4068715971384949,3.346059551279639,2.46860616631142,,,1.7097877061772702,1.6755426175960297,4.113341145545443,2.2372247418693902,1.7767386587161138,0.03362301302158546,0.03330563500450103,0.04513680332729789,,
3,50,50,6,1.0424367483640613,3.0793552704446956,4.910705727633015,1.934151698575348,3.996144253539974,1.4227806405611676,3.482833441735213,3.713914677771404,,,1.581417232684586,1.5951848856879225,2.8752656093722346,1.477374739398497,1.6959223781722408,0.033592213872414456,0.0335269691140815,0.05496868178867289,,
3,50,50,7,1.0085427447353477,3.0482834887817445,4.928946422125834,1.9892486731492398,4.110423177275232,1.331900235972831,3.355352275062738,3.6347564844972737,,,1.7781445348748954,1.8367978610912838,3.308719640178197,1.857884028152344,2.5762561627516343,0.03395702891407864,0.03382667296432992,0.048293334586637045,,
3,50,50,8,1.124217810392487,3.047678455870848,4.777708562631279,1.9662776039383598,3.968440816558525,1.4497581232486456,3.389023894821478,3.209409347058352,,,1.526851612904541,1.523549287443438,2.9138275923384884,1.9385276939455969,1.5092607831232563,0.03327849476615576,0.033466980891103344,0.052126404932907745,,
3,50,50,9,0.9585439017421131,3.0163014059765225,5.0144136697163955,2.029192753208081,3.979006605901928,1.3717811686034815,3.439640352551857,5.583618323085868,,,1.5292830141789957,1.5489266022546557,2.243781975973521,1.6835105505426815,1.8795366581386834,0.03207823702563983,0.032622205698620864,0.05347666740988209,,
4,50,50,0,0.9934456050168674,2.956151574783663,5.024981912676081,2.0420209222322887,3.947659059316333,1.3354083471390268,3.283974705050971,3.626107078252405,,,1.5991378129896003,1.6435147011014337,2.741524532291941,1.5073409926504537,1.7780516419171388,0.03542179894039648,0.03463318479619149,0.05750150040032771,,
4,50,50,1,0.969431573910362,3.098108658289818,4.956488140093741,1.9645427046701371,4.009036597896067,1.319340466062152,3.4067905894869748,4.105132227347402,,,1.725473088896972,1.7612659197137466,3.115379300857129,1.8070151488519752,1.7154999838786447,0.03407321687711019,0.034166384523332885,0.05380129365363903,,
4,50,50,2,0.9826955780688649,3.0607086716879395,4.962576193453797,2.0905956917794137,3.997266031117629,1.3502217603882447,3.3942714385419865,3.712190270036179,,,1.5498487797680793,1.5519798356652288,2.8858809742935407,1.5804439501550445,1.5863432144983116,0.03465451794722649,0.03371486255452509,0.05473668590307328,,
4,50,50,3,1.0371076021970325,3.0420133065598445,4.923241654881208,2.014269122570885,4.023838154790734,1.4193665838180947,3.392976487209114,4.147012381492537,,,1.6998995888670616,1.6849841674061863,3.1796544840130947,1.5975635280822111,1.8928482206900814,0.033827995309533294,0.03313122070259328,0.045546322587648534,,
4,50,50,4,1.1781549109955667,3.168559827662423,4.108570772546795,2.04480627415642,4.074055617641273,1.4579013436241413,3.426321398000196,3.5718867874343667,,,1.917176516480819,1.8482189638711146,7.126473877514382,2.4535493410189564,2.292110592047894,0.03292002732251618,0.03227156543601906,0.04786119732699007,,
4,50,50,5,1.107756521780973,3.073998857397903,4.744377532069607,1.9658562813996299,4.01190520806805,1.4509181431321563,3.396044378344591,4.416754573483436,,,1.542928779206612,1.6060513345790415,3.062025367233811,1.6613547435895883,1.765619788528107,0.032802338715537255,0.033207964339388794,0.054366143648141456,,
4,50,50,6,1.0271949113010848,3.006983722283295,4.98127018429967,1.964432537989702,3.9590406595304053,1.4159006588000744,3.4448954096203437,3.8690161114873405,,,1.6201914747600576,1.6276880100969473,2.8528852174353405,1.568040468138779,2.168617848842136,0.03223992464115139,0.032720234775596976,0.04956106939162416,,
4,50,50,7,1.0776937208078048,3.0432188952594026,4.87722967889722,2.0044358005943077,3.963140174223355,1.4260588898617674,3.426139484911504,4.979724940703649,,,1.6431344998728092,1.6860768661609202,3.04826687814159,1.5967172349887937,1.9238939736204588,0.032985160834566325,0.033745974668516705,0.05376369881486015,,
4,50,50,8,0.9937433797480151,2.997710325495754,4.962739749811126,2.045581794835088,3.971736457647612,1.4370640239161365,3.3829048962133026,5.0989525095724115,,,1.6369874188815268,1.6173213638828992,3.164859977783633,1.6218776467448284,1.7820630891152685,0.033280354243854525,0.032975421621664336,0.05961688885827012,,
4,50,50,9,1.019425136644971,2.9662060060332687,4.986550165704726,2.0343217820558452,3.9716860999531978,1.432317150417236,3.4010822179994884,4.482617331873115,,,1.6940932035676248,1.7054187189907515,2.82078800209978,1.5631415340127517,2.008395333258729,0.03343839913090468,0.03370714100149146,0.052447954969613415,,
5,50,50,0,1.0743303153819879,2.9537350064591297,4.968297559666148,1.9969925631989494,3.929017991481432,1.4438683749746406,3.3521323072797857,3.4613213948583414,,,1.5120286780001997,1.5732440728899928,2.5964875683952946,1.6756728951893611,1.647717065138616,0.03189045710073808,0.032423277652541285,0.05069192571256016,,
5,50,50,1,0.9104490393425855,2.9999308923982753,5.106590958553581,2.0508709910060556,4.0179942583116315,1.288540256078218,3.4101549343241597,5.787678597421151,,,1.5536969132943905,1.542964891617122,2.4610932450761576,1.5812768402050799,1.8307685008247845,0.03406151714773932,0.03421495683561734,0.056357446846009414,,
5,50,50,2,1.0164373993117923,2.9880021227240716,4.996546034821224,2.0608330919479734,4.036503914832635,1.4461324457365263,3.382573967512915,3.3951227970049738,,,1.637823223846564,1.6303576493499983,2.8127324696464377,1.8566869219036939,1.9289979633088306,0.03242632934855826,0.03232555303661454,0.047665021417663114,,
5,50,50,3,0.9253648833949284,3.0083009298443653,5.084538933766598,1.9846163856858792,3.9464756678282775,1.341657936726829,3.4218027268218174,4.746284495838437,,,1.6256182412518936,1.5967778309512726,2.4492257201529237,1.5733022119527083,1.808279525489165,0.033497633400721746,0.034310625216975525,0.05511217471618759,,
5,50,50,4,1.0893949601585597,3.1126307048992286,4.71896719729387,2.029907637675367,3.990122033884333,1.4140414008718953,3.376056394504734,5.368855912513934,,,1.5279528058192873,1.4928526341507569,3.72098166559044,1.8954248877931341,1.9589142226932241,0.03335166624176713,0.033514254358531954,0.05796224042801352,,
5,50,50,5,0.929000612806983,3.0464830035157062,5.075813174811907,2.000252784728433,3.9601375268011383,1.348447140721276,3.436877157027986,4.612658775930556,,,1.5450786623588528,1.5412312615817896,2.670545874675949,1.590011107403538,1.8325724471191946,0.03226629178869304,0.031907166053009604,0.05174908490379144,,
5,50,50,6,0.931059008381447,2.998293367596294,5.078632991387874,2.0076688860971927,3.915077670967099,1.3148411857096152,3.4516418255496633,2.4394478570623925,,,1.6033335239865045,1.6247516142220442,2.7024714583806935,1.577600014648875,1.756057836379132,0.03350792945390271,0.033978163111288824,0.044408911487476006,,
5,50,50,7,1.064132764219847,3.1039940954130087,4.845742379458291,2.045166195770854,3.8586999340047736,1.36125238733782,3.421113159176633,5.0337327430796455,,,1.642643960797246,1.6197993397751256,2.727271957314502,1.6547223313924857,1.820919499017513,0.033926112944309535,0.035023327516137966,0.05451830260058303,,
5,50,50,8,0.9896025628819354,3.092036141670963,4.89272056879463,1.9891645332516064,3.9349488841052773,1.3384953302937619,3.4489300895126025,4.60358262960853,,,1.5954405504144233,1.6090511776635934,2.6201461423552925,1.710556161302446,1.9604195821882004,0.034739673879643364,0.03432605420093826,0.049397052693357896,,
5,50,50,9,0.9951229106016617,2.9636198167228973,5.004881325144359,2.0459987362375722,4.074715657703255,1.38114115915253,3.3157873415150476,2.222016319040298,,,1.5537704729342414,1.5477380373552823,2.870035945033132,1.8418501056952836,2.1930833654591018,0.03386610921049676,0.03442830281494677,0.04378948970152091,,
6,50,50,0,1.1577264835287626,3.0785254452492987,4.5401491162262495,2.0783219991702406,4.020032826546566,1.4139529067982775,3.377790579704346,4.612965897540434,,,1.390712732781475,1.4246025607488173,3.531822776499167,1.777060447984869,1.8897912530099452,0.03224217897994909,0.03264849606259688,0.05892076623095477,,
6,50,50,1,0.9294389156764757,3.057699106770558,5.070743515390589,1.917811025512841,4.01289167592245,1.3697383413672655,3.473331237050431,5.7565083029873865,,,1.538095995031944,1.5525783355851346,2.1481126621067195,1.772926084323372,2.5345950054203508,0.03099126403205202,0.03093364861752993,0.0509235959532691,,
6,50,50,2,1.0485596120669123,3.0165333959560456,4.847533163107823,2.0151973025324117,4.032715530308214,1.4426678377912665,3.3566740004985682,3.9215959288485553,,,1.527015811978749,1.532930498617208,2.645605138200867,1.4278335559611322,1.5989559638551845,0.03365589169480412,0.03418020155236173,0.04864991275068367,,
6,50,50,3,1.1120939127872225,3.096983705147593,4.572081168823745,2.003793182792653,4.042454814988106,1.376417424779929,3.370136744115782,3.6376155986969607,,,1.7345663192719447,1.7437977636667255,4.242638401004224,2.2968971676802212,1.9878010054261492,0.03341188700038469,0.033212781071091116,0.05013766351457694,,
6,50,50,4,1.0055490155301456,3.0812249013088477,4.860221766425841,1.9519655122753303,3.9854193131541047,1.3997936750314928,3.4759856847548436,3.6620135724226426,,,1.542479765010514,1.576601589722864,2.9252055977457894,1.6264292903679864,1.817187907051049,0.03234703845212131,0.032760347488470086,0.04773769949009677,,
6,50,50,5,0.9980179273106553,3.0496659193970133,4.892721461396429,1.9889105679368502,4.021101654051926,1.3600601077238914,3.429380229976096,4.013101979984562,,,1.4434490325013307,1.4393907842717804,2.429726263190398,1.587687410389332,1.5960223076889786,0.03263356338021047,0.0329546822491474,0.05066202641726259,,
6,50,50,6,0.9770071785857994,3.0409602363289556,4.952654827425032,2.007903125895127,3.972300544691029,1.3536211637471003,3.452900151400237,4.080468227219867,,,1.448065692278136,1.4684555475145102,2.4656286130919205,1.1007136849588857,1.6496599497690674,0.0337944578925081,0.03298363438844344,0.04897567617943336,,
6,50,50,7,0.9352817862594573,3.0038863188279312,5.0756582641413175,2.0255388441302062,4.005134352016356,1.3145720082376537,3.444138681571399,5.030906016289386,,,1.4663339034712009,1.4619764721209807,2.0264147397278247,1.454010262409293,1.9394431773681706,0.03380197555439993,0.033819015482651926,0.04860660332214534,,
6,50,50,8,1.0401662686578284,2.9109254637947855,5.032456660658394,2.0442458774960803,3.9968031588595077,1.4551034785296753,3.350384991053473,4.939960294560313,,,1.3856766075174094,1.3920976690221998,1.9357035431301337,1.3989396309747653,1.3671912488300724,0.03192725720788272,0.032577623826528734,0.0477689197761078,,
6,50,50,9,1.0031792050620547,3.056729540802894,5.003948768875175,2.0122544780918017,4.006122788313548,1.3311739482465885,3.4269623391563666,5.079292969802972,,,1.457955965175143,1.5404458240671661,2.8079700835549075,1.4816553549616136,1.8360679137859341,0.03491164996970079,0.03391832247243207,0.05939677476215149,,
7,50,50,0,0.9397733838408784,3.0241872961163887,5.071411971086254,2.060717389549654,3.8579872727306777,1.3604384209780556,3.4202451735593176,2.621972914959986,,,1.596078791886251,1.583925414234015,2.5903464434494676,1.479692845893847,1.9323973100732117,0.034324035625320624,0.03475801152520736,0.04615762438925788,,
7,50,50,1,0.9778549260189922,2.9771322204805744,5.054837781797714,1.9958894085786703,4.07127549962797,1.4048427611011678,3.381906988362685,3.872451579420513,,,1.6569958403665697,1.6661017579417152,2.8298115042994354,1.9402378320134526,1.7748169624006975,0.033286998555742534,0.03381296243215252,0.0500449788745203,,
7,50,50,2,0.9908481912812499,3.0123020193694825,5.043634806673505,1.9554597000210916,4.002068647923629,1.3967740864903477,3.378548266932527,4.297384069239413,,,1.4987423091998966,1.461120749245465,2.0969519593439125,1.359298401655396,1.5134533492598157,0.033837106620703356,0.03374711266816614,0.05240682080549375,,
7,50,50,3,0.9551293365329496,2.965470508886443,5.0596232271219055,1.9552791795200362,3.9226401770944364,1.3874688229634642,3.3966648655057075,3.2788337573650645,,,1.4907611280181785,1.4541753982619177,1.9511691066715817,1.3277514340583325,1.6807032119993466,0.03336025331432385,0.03254198563800173,0.04396519958962442,,
7,50,50,4,0.9581587243934211,2.951062363339009,5.10964147241432,1.9314428468897231,4.088992137643029,1.3738727837083047,3.362996560473319,4.058458236219723,,,1.5596425813607144,1.5664836719258313,2.5589755074781,1.8258823885178908,1.8226487188027856,0.03451106580243658,0.034525127577171105,0.052626055047420364,,
7,50,50,5,1.0315509482602725,3.0755194666452472,4.97190489847395,1.9746551446301561,3.9650908398845033,1.3506666590664302,3.4585553702222356,3.38959392120374,,,1.5879257653078314,1.6034902185430377,2.5833167527704015,1.649579237826896,1.9745720238133453,0.03376861329215388,0.0333556699690818,0.04604334459710173,,
7,50,50,6,1.0214177149902168,3.0088861429539673,4.928725845614721,2.072970186950405,4.005003879945634,1.4174353927579468,3.370362941108922,1.4638745907639934,,,1.370220792032799,1.37845305927574,2.520292407766324,1.5107787276031246,1.6116192619032104,0.0324447254736372,0.03204166918581352,0.04229962952327598,,
7,50,50,7,1.0127289108138366,2.9717262048565245,4.980972305962954,1.924066760221553,4.035607604487511,1.3675765330527392,3.4237640966829934,4.446088274996985,,,1.4858626045623686,1.4580026383976474,2.199231151742243,1.1717196355434074,1.5679481002530722,0.0327243343726572,0.032809702423650944,0.04993688223224086,,
7,50,50,8,1.0319669037954506,2.9767210203116594,5.042469896294605,2.0154460886571877,3.9918010976670653,1.4684016413770415,3.3972438139611523,2.473260816994097,,,1.420281451733109,1.4439394809855273,2.4249367403565465,1.4462812694455436,1.7074861168624011,0.032357145905992216,0.03267761739078004,0.04371731100585527,,
7,50,50,9,1.0259815317103258,3.1107394442581078,4.79449615986454,1.9173882974720087,4.116309512439221,1.3756553069769986,3.4114004324900877,5.156196188008666,,,1.4982683078261299,1.5491186999455553,3.1709142558853656,1.83078611636567,2.566443432634361,0.03298448841280694,0.03333803007121424,0.051492100240721705,,
8,50,50,0,1.0849162310726879,3.08984475485847,4.762877010606415,1.9905636071069124,4.076690443818716,1.4445140243194392,3.383652540177737,4.934193084468589,,,1.4642461418329376,1.4264030375147234,3.024015452532869,1.3138123839388454,2.0052867625617496,0.03305444398241796,0.03310788167650837,0.05594474656157357,,
8,50,50,1,1.025555651698785,3.0914459556903195,4.722603030079107,1.9136428499035087,4.0684114635390625,1.3900682817480974,3.4573061425833425,4.259654060085499,,,1.4899224673010723,1.5679481764529273,2.744076662665595,1.3364052191081242,1.9099348323932768,0.032936872488110586,0.033652431850834864,0.05192734620741818,,
8,50,50,2,0.9526892247099097,2.9821601778984164,5.073457887188511,2.1102433008251893,4.012555043201607,1.3961697226606993,3.396393304616974,3.8704261721306734,,,1.4683896199880464,1.4892473632240835,2.6644285620094013,1.8440156849573128,1.5767792213463983,0.03187664902781623,0.032466759694756014,0.04811816945668198,,
8,50,50,3,0.9405199701565521,2.974460232465435,5.085882310011179,1.9995244446324443,4.075488898419726,1.3690437260458572,3.4484886598431785,5.373495306991344,,,1.672115298303729,1.64643976234699,2.394667265688409,1.6397751018294484,1.9347600983164723,0.03231641533075463,0.032188999197766494,0.046519068291301396,,
8,50,50,4,1.061001777165628,3.0176976408767997,4.844890266818873,2.041016965522748,3.9870276749631754,1.4317663139100891,3.3606643735555957,2.9214089686079587,,,1.472297371838247,1.413916528607944,2.835781296070552,1.491947284051542,1.5670913486553366,0.03366909759692611,0.033251074207876076,0.043901467707244325,,
8,50,50,5,1.0972672695771455,3.0530162192752996,4.917381608159731,2.0437326084179537,3.845787958292421,1.3912549112987227,3.405935940353652,4.481787460298752,,,1.4260473710565578,1.4344207953324584,2.812743339526502,1.6569872126549126,1.641691834932802,0.03344477984562752,0.033059267473231554,0.04513013324817659,,
8,50,50,6,1.061780435497353,3.0565562828845887,4.974122984552492,1.859704493182948,4.1025073792386255,1.3793241419424886,3.4463640114110543,3.7615186304404076,,,1.5996697151488408,1.5805919507119965,2.8298441193976376,1.502319528784072,1.6479178283752467,0.03291571766435926,0.032690391031411435,0.05252056887998272,,
8,50,50,7,0.977423725547667,2.938694925455655,4.999611972698092,1.9882234128284497,3.9538697016728843,1.390747824299378,3.3257643512636905,3.6728893832785,,,1.5298466956029861,1.4962702083623833,2.348085873742736,1.3215536144286806,1.725602540396126,0.03410442869125911,0.03379722687752378,0.054964782787745976,,
8,50,50,8,1.0289301388422563,3.0072386641147597,4.957378672952039,2.0294216072663387,3.9654851779925,1.4242912143785538,3.392902908203033,3.5071514596321576,,,1.5138356315910575,1.520543143495282,2.6316616342297037,1.4498218441658737,2.1509729408203504,0.03390605304977891,0.03392190356213103,0.05789262884196475,,
8,50,50,9,1.0442408327893449,2.989072995537152,4.977916971745202,2.0158075671422226,3.9452219346902204,1.4642855277481022,3.3875499191234484,3.6396580325759076,,,1.5793842117948167,1.5354502409555768,2.7059282346387246,1.7638837757441919,2.008724078942328,0.03323709205094749,0.033385939481102814,0.0495735249733201,,
9,50,50,0,0.9700764057673963,2.9167810303134623,5.107731015912584,1.9272464284622526,3.993477420211441,1.4067446677381372,3.413425676885521,4.256086664019293,,,1.5312259243161177,1.5365599528054723,1.9069847034055125,1.5059298278684683,1.5880102645254492,0.033202864196970834,0.03246152167209245,0.04834541963100871,,
9,50,50,1,1.1255706615072278,3.133346451951344,4.589095735476393,2.0836637247394445,3.900259648865756,1.4254057760102783,3.412279329628624,5.809387714271399,,,1.3720880511545068,1.3963033458407852,3.3086618911847445,1.6202793512045592,1.8792506043025716,0.032801758472277655,0.033240996308774445,0.05788385341839446,,
9,50,50,2,1.0174253876866,3.01914728978261,4.977865180070937,2.032591090684561,3.951903579265454,1.4190557302533395,3.412573738251858,3.7057748717348598,,,1.41122202095404,1.519196546810913,2.7589987572591834,1.8989318670172237,1.609077598824606,0.03258657835069451,0.03276401736560021,0.05035746814380705,,
9,50,50,3,1.0989065172198313,3.080457956167509,4.880940985245517,2.0785230452118704,3.9579879911782694,1.439386368512466,3.399685047344893,4.067693243436497,,,1.818342556420049,1.8005932162669307,4.696040190122531,2.1482194781659323,2.4290881275751772,0.032650685905315474,0.03199850544716442,0.046983790333149436,,
9,50,50,4,0.8595300415314515,2.9888939237667547,5.0939727019893315,1.9251683718587653,3.9716966962306284,1.3869286359240345,3.434694201818094,4.831762653234142,,,1.7281171874876406,1.6814571162678416,2.4524786846496984,1.5946814502282762,1.7355506150843416,0.034319227852019005,0.033605097293035874,0.05335792921207932,,
9,50,50,5,0.9952171431922281,3.111572499596689,4.848068284843277,2.07688585867895,3.914842448878744,1.3642094020632454,3.4563601289843033,5.5765968606046,,,1.5436170150190782,1.5650872534468323,2.8530411686392116,1.3886960897894132,1.9122711595295785,0.03316525173276155,0.033168362587256965,0.05229516757654756,,
9,50,50,6,1.0191245401831688,2.993578124395288,5.032234970578477,1.9114313063809427,3.9860499511444036,1.3864760624255927,3.3750724804132277,4.446835649693046,,,1.5312353132286327,1.5187956560718747,2.143742713521917,1.6932370236823597,1.7818226825755235,0.03356032713062165,0.033960253569950076,0.04851125867519235,,
9,50,50,7,0.9407125313456748,2.9937047122346527,4.954619995134136,1.9569847859108238,3.867084865861779,1.4555059675096191,3.4171009170252233,5.880857014298845,,,1.6929783836019285,1.724653774779247,2.825982505667844,1.6692008599163626,2.234634397403736,0.03237245838403402,0.03253652843284033,0.058298401969472745,,
9,50,50,8,1.0057550351665059,3.049982352170314,5.009098721354848,1.989896462556249,4.002319991576097,1.4023210376214372,3.4154614439455946,5.136292917533049,,,1.4817525133036302,1.467695891358116,2.6471323006737473,1.2762222437447126,1.7755947596431978,0.034770054293355494,0.035224895046489124,0.0590741840476273,,
9,50,50,9,0.9176014091156672,3.0766260955255893,4.839080727035581,1.9723595183575404,4.1558337199443605,1.382321623622365,3.4808026384546915,3.539866559508002,,,1.5040198066858845,1.5012163860201617,2.514833378091712,1.450403969501024,2.0274797154933384,0.030967673073510713,0.03163564705725807,0.04560133707673518,,
10,50,50,0,1.0244507343278177,3.014481437081768,4.959293025970354,1.998872120345398,4.000428771482239,1.42043452322711,3.41578264726105,4.345156368021629,,,1.3980454016682609,1.4306244342730972,2.0034031474260194,1.212199366396973,2.0117679996400395,0.033084852891521334,0.03281169613568402,0.04801411658404671,,
10,50,50,1,1.086103182913961,3.0752582662051555,4.687619975452067,1.961382765099,4.132585075168064,1.395237709977509,3.3813396176741195,4.7629178657614,,,1.6322217300130077,1.6179207550173056,3.3695922872985875,1.4998765846637037,2.404005144133007,0.03268627880445559,0.03268210087779393,0.05195680802082115,,
10,50,50,2,1.06447861546728,2.967986281271087,5.080582700787856,1.9881829808559497,4.073810852313886,1.4588874146677202,3.3213636188383138,4.431932316283296,,,1.431910867630388,1.4459171039963559,2.3245843792437983,1.3494462053198573,2.0236814349817194,0.03367696775781958,0.03365218076098688,0.05402778037165319,,
10,50,50,3,1.0653973218183834,3.1083420355030595,4.780042015107876,2.0138476114575243,3.9880116534148,1.4025242193727092,3.372224427900667,5.300751145407547,,,1.3824615332891523,1.368136166559329,2.9393441065758394,1.466861502687639,1.4428003527612114,0.03254851269002245,0.03263357015529645,0.048910524452208975,,
10,50,50,4,1.0198404514382657,2.9724045081280024,5.021438552694128,2.0966457497653908,4.038115717889555,1.4023801759165837,3.3817511292269984,4.7370267843748515,,,1.3864970414339532,1.4613234810060372,2.3724333099722603,2.0534295997444283,1.8340354658058196,0.034276145664152366,0.033152320804483736,0.05317747293520893,,
10,50,50,5,1.1048184617890424,3.0051623481708942,4.935228108077454,1.9220530955138249,3.945242026099818,1.4696204493653084,3.347221654598491,6.0849795254172125,,,1.371292821631882,1.4459267849961048,2.2980585962665696,1.3549783394693578,1.450164510154575,0.03313145448802048,0.03326665597204424,0.05204993962314626,,
10,50,50,6,0.9757532608022441,2.9746636361500816,5.013708465758247,2.03807640174898,4.071792730741935,1.3789949106622583,3.370766171610957,4.03341393561035,,,1.5098539681215712,1.5092185792216863,2.2546443750354492,1.3586016598900108,1.5283996931991155,0.03373356049187115,0.03413934904196507,0.04774840736613467,,
10,50,50,7,1.0587435130569118,2.922762881209403,5.036106931641199,2.047223841757748,4.093822589940336,1.4376061365429293,3.3772746888258496,5.500730943331947,,,1.5697254824783442,1.6577886433423517,3.0342924843306176,1.5624108238930177,1.8802587162331323,0.03376763887779647,0.03364825478683913,0.04953587383747325,,
10,50,50,8,0.9787034471825125,3.0105512111759603,4.990711847801291,1.9532125213276164,3.9484211039342147,1.4041250899822908,3.34599026495716,4.43632302078322,,,1.440608274130949,1.448646921028983,2.222480091026112,1.3955976772578054,1.530090478870658,0.034557025296448086,0.034658425428218814,0.05531828049531217,,
10,50,50,9,1.0020386476580425,3.160691672050948,4.545664677599826,2.1327442833813546,4.143728965722224,1.3744604448740216,3.446086475874216,4.2782008402446445,,,1.7763121948133946,1.762239555217911,4.5509554307163205,2.2791677061394915,2.6446361423461067,0.033592205526676806,0.03336123610203085,0.04813812709586915,,
