T,N,mean_interactive.1,mean_interactive.2,mean_interactive.3,mean_interactive.4,mean_interactive.5,bias_interactive.1,bias_interactive.2,bias_interactive.3,bias_interactive.4,bias_interactive.5,sde_interactive.1,sde_interactive.2,sde_interactive.3,sde_interactive.4,sde_interactive.5,ci_l_interactive.1,ci_l_interactive.2,ci_l_interactive.3,ci_l_interactive.4,ci_l_interactive.5,ci_u_interactive.1,ci_u_interactive.2,ci_u_interactive.3,ci_u_interactive.4,ci_u_interactive.5,rmse_interactive.1,rmse_interactive.2,rmse_interactive.3,rmse_interactive.4,rmse_interactive.5,mean_within.1,mean_within.2,mean_within.3,mean_within.4,mean_within.5,bias_within.1,bias_within.2,bias_within.3,bias_within.4,bias_within.5,sde_within.1,sde_within.2,sde_within.3,sde_within.4,sde_within.5,ci_l_within.1,ci_l_within.2,ci_l_within.3,ci_l_within.4,ci_l_within.5,ci_u_within.1,ci_u_within.2,ci_u_within.3,ci_u_within.4,ci_u_within.5,rmse_within.1,rmse_within.2,rmse_within.3,rmse_within.4,rmse_within.5
10,10,0.9571506446165192,2.806606159816805,4.31466397121279,1.913559809636726,3.4323491839672684,0.04284935538348078,0.06446461339439831,0.13706720575744208,0.04322009518163705,0.1419127040081829,,,,,,,,,,,,,,,,0.04284935538348078,0.19339384018319494,0.6853360287872103,0.0864401903632741,0.5676508160327316,1.316141682395595,3.437228285656545,5.164168251876412,,,0.3161416823955949,0.14574276188551494,0.03283365037528245,,,0.2079963348663157,0.2162003298718275,0.2745814887602204,,,0.9084763571412835,3.0134834256620837,4.62599842308499,,,1.7238070076499064,3.860973145651006,5.702338080667834,,,0.3161416823955949,0.4372282856565448,0.16416825187641226,,
20,10,1.039646794944201,3.0719158114022886,5.131710532103959,2.012995679567535,4.082180187242868,0.03964679494420098,0.023971937134096215,0.026342106420791822,0.00649783978376739,0.020545046810716894,,,,,,,,,,,,,,,,0.03964679494420098,0.07191581140228864,0.1317105321039591,0.01299567956753478,0.08218018724286758,1.442737975169449,3.36495264029738,5.325493398229539,,,0.4427379751694489,0.12165088009912672,0.06509867964590779,,,0.1187501313345351,0.1192133402493736,0.1759841670590855,,,1.2099919945943587,3.1312987869318887,4.980570768944451,,,1.6754839557445391,3.5986064936628717,5.6704160275146265,,,0.4427379751694489,0.36495264029738017,0.32549339822953893,,
30,10,0.9927256102135869,3.14600674583532,4.842445808497496,2.059538100510631,4.259168926251589,0.007274389786413149,0.04866891527844001,0.03151083830050076,0.0297690502553154,0.06479223156289726,,,,,,,,,,,,,,,,0.007274389786413149,0.14600674583532003,0.15755419150250383,0.0595381005106308,0.25916892625158905,1.3941692489271136,3.436230589823221,1.9228154630914929,,,0.3941692489271136,0.14541019660774035,0.6154369073817014,,,0.0878656397602929,0.0902458638971242,0.1565933025315165,,,1.221955759518369,3.259351946831154,1.6158982299095357,,,1.5663827383358582,3.613109232815288,2.22973269627345,,,0.3941692489271136,0.43623058982322105,3.077184536908507,,
40,10,1.2678069982155584,3.074293863485255,4.637225003207039,1.755174124917692,3.779840880533369,0.2678069982155584,0.0247646211617516,0.07255499935859219,0.12241293754115401,0.055039779866657756,,,,,,,,,,,,,,,,0.2678069982155584,0.0742938634852548,0.362774996792961,0.24482587508230802,0.22015911946663103,1.5114411086391222,3.4224557000337734,4.073668858529879,,,0.5114411086391222,0.14081856667792447,0.18526622829402423,,,0.0861675525185218,0.0815864085890487,0.112553947596902,,,1.342555809066856,3.2625492775712686,3.8530671749221423,,,1.6803264082113885,3.5823621224962783,4.294270542137616,,,0.5114411086391222,0.4224557000337734,0.9263311414701212,,
50,10,1.3263812686980976,3.328302046944671,14.79785234906108,1.4312118020809383,-0.7382493067696441,0.3263812686980976,0.1094340156482237,1.9595704698122158,0.2843940989595308,1.184562326692411,,,,,,,,,,,,,,,,0.3263812686980976,0.32830204694467113,9.79785234906108,0.5687881979190617,4.738249306769644,1.424415232032507,3.387543082795736,6.029828884559788,,,0.424415232032507,0.12918102759857866,0.20596577691195767,,,0.0743737269235316,0.0742750104077401,0.1286644922330929,,,1.278645405866368,3.2419667374452277,5.777651113693793,,,1.5701850581986458,3.5331194281462444,6.282006655425784,,,0.424415232032507,0.387543082795736,1.0298288845597883,,
60,10,1.063514616200118,3.0089431173466705,4.91169393055392,1.949374184952254,3.989821430747689,0.06351461620011789,0.002981039115556842,0.017661213889216043,0.02531290752387305,0.0025446423130777163,,,,,,,,,,,,,,,,0.06351461620011789,0.008943117346670526,0.08830606944608022,0.0506258150477461,0.010178569252310865,1.445647279072953,3.283567479216842,3.7328664729326793,,,0.4456472790729531,0.09452249307228063,0.2534267054134641,,,0.070806816505404,0.0694434546394,0.1228606011962993,,,1.306868468862425,3.147460809161577,3.492064119468994,,,1.5844260892834812,3.4196741492721068,3.9736688263963647,,,0.4456472790729531,0.2835674792168419,1.2671335270673207,,
70,10,0.9535068175673364,2.943821104911547,5.051505585814238,1.9551218573117888,4.095914963982724,0.04649318243266365,0.018726298362817733,0.01030111716284754,0.02243907134410561,0.02397874099568109,,,,,,,,,,,,,,,,0.04649318243266365,0.056178895088453196,0.0515055858142377,0.04487814268821122,0.09591496398272437,1.382839284000671,3.455533559050636,5.767077058668514,,,0.3828392840006709,0.15184451968354531,0.15341541173370282,,,0.0670078371903022,0.0663157815923885,0.1273685963609233,,,1.251506336425755,3.3255570155229304,5.517439197039685,,,1.5141722315755868,3.5855101025783416,6.016714920297343,,,0.3828392840006709,0.45553355905063597,0.7670770586685141,,
80,10,0.96194763878693,3.210325888612129,4.654244410311411,2.083220080243511,3.98787468363656,0.038052361213069985,0.07010862953737629,0.06915111793771782,0.0416100401217554,0.0030313290908600132,,,,,,,,,,,,,,,,0.038052361213069985,0.21032588861212886,0.3457555896885891,0.0832200802435108,0.012125316363440053,1.4250555846969717,3.454648062805488,3.5390942248025774,,,0.4250555846969717,0.15154935426849603,0.2921811550394845,,,0.0561666753516327,0.0558943468453463,0.0751512655770104,,,1.314970923876418,3.3450971560492193,3.3918004508790323,,,1.5351402455175254,3.564198969561757,3.6863879987261226,,,0.4250555846969717,0.4546480628054881,1.4609057751974226,,
90,10,1.288171748350781,3.3387924279311134,5.098147581638154,2.2500948510665992,3.376120584671879,0.2881717483507811,0.11293080931037114,0.019629516327630724,0.12504742553329962,0.15596985383203021,,,,,,,,,,,,,,,,0.2881717483507811,0.3387924279311134,0.09814758163815362,0.25009485106659923,0.6238794153281209,1.349749768796474,3.3398763651022803,4.989080056494016,,,0.3497497687964739,0.11329212170076008,0.0021839887011967816,,,0.0578597662744942,0.0601850227523556,0.0779954515156353,,,1.23634671074456,3.2219158880989394,4.8362117805654306,,,1.4631528268483878,3.457836842105621,5.141948332422602,,,0.3497497687964739,0.33987636510228025,0.010919943505983909,,
100,10,1.3681274726616002,3.2039686003415886,2.752224133116237,1.8580814048688108,3.969261598308308,0.3681274726616002,0.0679895334471962,0.44955517337675255,0.0709592975655946,0.00768460042292296,,,,,,,,,,,,,,,,0.3681274726616002,0.2039686003415886,2.247775866883763,0.1419185951311892,0.03073840169169184,1.4149372321197062,3.289470099412778,3.677765051797379,,,0.41493723211970623,0.0964900331375927,0.26444698964052427,,,0.0512293636125018,0.0522795040719028,0.0757672708949179,,,1.314529524488296,3.1870041543022336,3.52926392963645,,,1.5153449397511165,3.3919360445233226,3.8262661739583077,,,0.41493723211970623,0.2894700994127781,1.3222349482026212,,
10,20,1.1780332040308723,3.118389144748059,4.55814522323157,2.050766277235159,4.100268754895664,0.1780332040308723,0.03946304824935298,0.08837095535368604,0.02538313861757957,0.025067188723916,,,,,,,,,,,,,,,,0.1780332040308723,0.11838914474805895,0.4418547767684302,0.05076627723515914,0.100268754895664,1.4818667155044876,3.497322423019929,5.450294904076531,,,0.48186671550448756,0.16577414100664298,0.09005898081530628,,,0.126277129448154,0.1238041123452917,0.167570909299839,,,1.2343680897150033,3.2546708216852065,5.121861956992219,,,1.7293653412939718,3.7399740243546513,5.778727851160844,,,0.48186671550448756,0.4973224230199289,0.4502949040765314,,
20,20,1.2826569307081177,3.079581945673511,4.31458211187246,2.010940808083093,3.864071181764736,0.2826569307081177,0.026527315224503727,0.13708357762550794,0.005470404041546528,0.033982204558815954,,,,,,,,,,,,,,,,0.2826569307081177,0.07958194567351118,0.6854178881275397,0.010940808083093057,0.13592881823526382,1.4302980792846012,3.223120514754603,2.788420912042028,,,0.4302980792846012,0.07437350491820105,0.4423158175915944,,,0.0861649559574591,0.0855109491277098,0.1102698574938799,,,1.2614178688785014,3.055522134180455,2.5722959627736595,,,1.599178289690701,3.3907188953287513,3.0045458613103966,,,0.4302980792846012,0.22312051475460315,2.211579087957972,,
30,20,1.0291592797224125,2.9653090039825285,5.080760829632293,1.783989355971098,3.964910642260543,0.0291592797224125,0.011563665339157167,0.01615216592645865,0.10800532201445101,0.008772339434864218,,,,,,,,,,,,,,,,0.0291592797224125,0.0346909960174715,0.08076082963229325,0.21601064402890202,0.03508935773945687,1.4907242675941337,3.3791075896749385,3.066833885039789,,,0.4907242675941337,0.12636919655831283,0.3866332229920422,,,0.0720502128669347,0.0733505706193919,0.09852348936877,,,1.3495084452964974,3.2353431130154684,2.8737313942457847,,,1.63194008989177,3.5228720663344086,3.259936375833793,,,0.4907242675941337,0.3791075896749385,1.933166114960211,,
40,20,1.2832332855951938,3.07011180444564,4.430009212675157,1.9806176323493068,3.910042111231848,0.2832332855951938,0.023370601481880044,0.11399815746496866,0.009691183825346616,0.022489472192038007,,,,,,,,,,,,,,,,0.2832332855951938,0.07011180444564014,0.5699907873248433,0.019382367650693233,0.08995788876815203,1.4495435511552617,3.3400763434948075,3.938956562246328,,,0.4495435511552617,0.11335878116493585,0.21220868755073444,,,0.0620054503857936,0.0633659844698272,0.0995458367643018,,,1.328015101553921,3.2158812960890217,3.743850307377393,,,1.5710720007566024,3.4642713909005933,4.134062817115263,,,0.4495435511552617,0.34007634349480753,1.0610434377536722,,
50,20,1.232273882661139,3.1915183856096663,4.308240935746638,1.8150009179500368,4.030003667327689,0.23227388266113902,0.06383946186988876,0.13835181285067238,0.09249954102498159,0.007500916831922222,,,,,,,,,,,,,,,,0.23227388266113902,0.19151838560966628,0.691759064253362,0.18499908204996318,0.030003667327688888,1.3806378300133746,3.3263292811504845,4.1786097995013805,,,0.3806378300133746,0.10877642705016151,0.1642780400997239,,,0.0526043449981708,0.0564163475752436,0.0835201494332851,,,1.27753520838664,3.2157552717637135,4.014913314628738,,,1.4837404516401091,3.4369032905372556,4.342306284374023,,,0.3806378300133746,0.32632928115048454,0.8213902004986195,,
60,20,1.0037540848892634,2.9489781226339566,5.0625419441762505,1.9145667541070943,4.007047903393077,0.0037540848892634315,0.017007292455347784,0.012508388835250095,0.04271662294645284,0.0017619758482692038,,,,,,,,,,,,,,,,0.0037540848892634315,0.051021877366043356,0.06254194417625047,0.08543324589290568,0.007047903393076815,1.428828112069225,3.3637755824026243,3.210772684510325,,,0.428828112069225,0.12125852746754144,0.357845463097935,,,0.0496795289762399,0.0510457679390818,0.0749668820785387,,,1.3314580245068808,3.2637277156788347,3.0638402956031277,,,1.5261981996315692,3.463823449126414,3.357705073417522,,,0.428828112069225,0.3637755824026243,1.7892273154896752,,
70,20,1.101100578457597,3.1482938174103,4.486463442761889,2.0069907648938927,4.117495154287164,0.1011005784575969,0.04943127247010004,0.1027073114476222,0.00349538244694636,0.02937378857179107,,,,,,,,,,,,,,,,0.1011005784575969,0.14829381741030012,0.513536557238111,0.00699076489389272,0.11749515428716428,1.375535236760844,3.458144551373885,4.147161076393466,,,0.375535236760844,0.1527148504579617,0.17056778472130674,,,0.0455284570381458,0.0459528576207379,0.0641693664669476,,,1.2863011006943992,3.368078605450542,4.021391429207497,,,1.4647693728272888,3.5482104972972284,4.272930723579436,,,0.375535236760844,0.4581445513738851,0.8528389236065337,,
80,20,1.0186353605317406,3.051173769762624,4.99834698719939,1.924768089265432,3.9577106321643294,0.01863536053174064,0.017057923254208074,0.0003306025601219176,0.037615955367284015,0.010572341958917653,,,,,,,,,,,,,,,,0.01863536053174064,0.05117376976262422,0.0016530128006095879,0.07523191073456803,0.04228936783567061,1.2806303576330542,3.313667681070161,5.01339894820879,,,0.2806303576330542,0.10455589369005362,0.002679789641758035,,,0.0444800412324997,0.0440976851090067,0.0792255351813978,,,1.1934510787864983,3.2272378064549194,4.858119752597339,,,1.3678096364796102,3.4000975556854023,5.168678143820241,,,0.2806303576330542,0.31366768107016085,0.013398948208790173,,
90,20,0.9660483508249114,2.9846365536431985,5.017840091724709,2.036497154662676,3.9522071580912463,0.03395164917508864,0.005121148785600512,0.0035680183449418477,0.01824857733133789,0.011948210477188415,,,,,,,,,,,,,,,,0.03395164917508864,0.015363446356801536,0.01784009172470924,0.03649715466267578,0.04779284190875366,1.3351664783467687,3.3909265087771985,2.491837731582744,,,0.3351664783467687,0.13030883625906617,0.5016324536834512,,,0.0409526515996245,0.0406491701451773,0.058762966041555,,,1.254900756140088,3.31125559929121,2.376664434516546,,,1.4154322005534494,3.470597418263187,2.607011028648942,,,0.3351664783467687,0.3909265087771985,2.508162268417256,,
100,20,1.0659801538371847,2.965970663201637,4.964667013066052,2.08084529834412,3.9641253021698777,0.0659801538371847,0.011343112266120947,0.007066597386789652,0.040422649172060066,0.008968674457530579,,,,,,,,,,,,,,,,0.0659801538371847,0.03402933679836284,0.03533298693394826,0.08084529834412013,0.035874697830122315,1.4547792877183303,3.3454374089843686,4.191024774226111,,,0.4547792877183303,0.11514580299478953,0.16179504515477774,,,0.0373675539548062,0.036923711083507,0.0527668625265406,,,1.381540227776553,3.2730682650851324,4.087603624096915,,,1.5280183476601077,3.417806552883605,4.2944459243553075,,,0.4547792877183303,0.3454374089843686,0.8089752257738887,,
10,30,1.3571011347765474,3.3536625187196103,3.02937814636086,1.855154349413077,3.2746350689072123,0.35710113477654737,0.1178875062398701,0.394124370727828,0.07242282529346145,0.18134123277319691,,,,,,,,,,,,,,,,0.35710113477654737,0.3536625187196103,1.9706218536391402,0.1448456505869229,0.7253649310927877,1.4795464015286128,3.380458977081113,4.412725107202028,,,0.47954640152861283,0.12681965902703762,0.11745497855959446,,,0.1032580596160528,0.1000434651144431,0.1300034880738606,,,1.2771643235676595,3.184377388568215,4.157922952712679,,,1.6819284794895661,3.576540565594011,4.667527261691377,,,0.47954640152861283,0.38045897708111287,0.5872748927979723,,
20,30,1.3085164233170847,3.1194062130382485,4.300527957684512,1.8070539856048204,3.872147893171446,0.30851642331708473,0.0398020710127495,0.1398944084630976,0.09647300719758978,0.031963026707138464,,,,,,,,,,,,,,,,0.30851642331708473,0.1194062130382485,0.6994720423154881,0.19294601439517955,0.12785210682855386,1.3672662152071642,3.310708248619713,4.069045361835616,,,0.3672662152071642,0.10356941620657094,0.18619092763287687,,,0.0761385785838983,0.0727962301611856,0.1309806966379723,,,1.2180373433486509,3.168030259293501,3.8123279137552233,,,1.5164950870656775,3.453386237945925,4.325762809916008,,,0.3672662152071642,0.3107082486197128,0.9309546381643843,,
30,30,1.0314135444508,2.938853670941604,5.032886653216088,2.076061830383969,3.928022505394608,0.03141354445079991,0.020382109686132004,0.006577330643217571,0.03803091519198443,0.01799437365134804,,,,,,,,,,,,,,,,0.03141354445079991,0.06114632905839601,0.03288665321608786,0.07606183038396885,0.07197749460539216,1.454930405250656,3.3633507273024854,5.267757327350596,,,0.454930405250656,0.12111690910082847,0.0535514654701192,,,0.0539392658793665,0.054070661154904,0.0818071390310658,,,1.3492113867745674,3.257374178818605,5.107418281171446,,,1.5606494237267445,3.469327275786366,5.428096373529746,,,0.454930405250656,0.3633507273024854,0.267757327350596,,
40,30,1.0318166182083202,3.055784360606904,5.103618090291748,2.041863826804033,3.82134374174273,0.03181661820832016,0.018594786868967983,0.020723618058349658,0.0209319134020165,0.044664064564317485,,,,,,,,,,,,,,,,0.03181661820832016,0.05578436060690395,0.10361809029174829,0.041863826804033,0.17865625825726994,1.3175579277156555,3.365921686387556,5.244824609987321,,,0.3175579277156555,0.12197389546251862,0.04896492199746412,,,0.0485182590227679,0.0475188240350597,0.0790571978711596,,,1.2224638874384448,3.2727865026911425,5.089875349441191,,,1.4126519679928662,3.4590568700839692,5.39977387053345,,,0.3175579277156555,0.36592168638755584,0.24482460998732058,,
50,30,1.051702881104907,3.1779406255438847,4.684432325105334,2.006719080080272,3.98939885760154,0.05170288110490695,0.05931354184796156,0.06311353497893321,0.0033595400401360553,0.0026502855996149988,,,,,,,,,,,,,,,,0.05170288110490695,0.17794062554388468,0.3155676748946661,0.006719080080272111,0.010601142398459995,1.3974212050643051,3.4798597159392832,3.900858479754365,,,0.3974212050643051,0.15995323864642774,0.21982830404912698,,,0.0435216578625626,0.0427678295279183,0.055662951337189,,,1.312120323106208,3.3960363103676148,3.791761099860269,,,1.4827220870224023,3.5636831215109517,4.0099558596484615,,,0.3974212050643051,0.4798597159392832,1.099141520245635,,
60,30,0.9553471087917338,3.003957710834605,5.039198972487875,2.058038802927641,3.9127960572573457,0.04465289120826621,0.0013192369448683887,0.007839794497574992,0.029019401463820538,0.021800985685663576,,,,,,,,,,,,,,,,0.04465289120826621,0.003957710834605166,0.03919897248787496,0.058038802927641076,0.0872039427426543,1.4048074202198502,3.4086219503736688,3.1895824134954145,,,0.40480742021985017,0.13620731679122292,0.3620835173009171,,,0.0388584543456915,0.0381936687627463,0.0565994892974422,,,1.328646249207401,3.3337637351612335,3.0786494529290676,,,1.4809685912322994,3.483480165586104,3.3005153740617614,,,0.40480742021985017,0.4086219503736688,1.8104175865045855,,
70,30,1.053200116507954,3.058787133514681,4.926126403749382,1.9873938588982056,3.971261869148818,0.05320011650795409,0.019595711171560264,0.014774719250123525,0.006303070550897183,0.0071845327127955105,,,,,,,,,,,,,,,,0.05320011650795409,0.05878713351468079,0.07387359625061762,0.012606141101794366,0.028738130851182042,1.380109644436703,3.374493561582277,3.793275419388528,,,0.3801096444367029,0.1248311871940923,0.24134491612229442,,,0.0351435677113332,0.0350532236968521,0.0510869561382572,,,1.3112295174342452,3.3057905055944206,3.693146825277766,,,1.4489897714391606,3.443196617570133,3.8934040134992896,,,0.3801096444367029,0.37449356158227687,1.2067245806114721,,
80,30,0.9850687962741298,3.0250182928894085,4.898322097407779,1.9803130265835696,4.018923227924694,0.014931203725870201,0.008339430963136163,0.020335580518444196,0.009843486708215221,0.004730806981173563,,,,,,,,,,,,,,,,0.014931203725870201,0.02501829288940849,0.10167790259222098,0.019686973416430442,0.018923227924694253,1.4043363648175502,3.4367798314252767,4.882307060245,,,0.4043363648175502,0.14559327714175888,0.02353858795099999,,,0.0344889744113855,0.0348295657244802,0.0590992937841617,,,1.3367392171075112,3.3685151370081248,4.766474572916291,,,1.4719335125275892,3.5050445258424285,4.998139547573709,,,0.4043363648175502,0.43677983142527665,0.11769293975499995,,
90,30,1.0386835316598504,2.935056571188123,5.0535394051697065,2.06389901183748,3.945837422843749,0.03868353165985039,0.02164780960395903,0.010707881033941291,0.03194950591874002,0.013540644289062764,,,,,,,,,,,,,,,,0.03868353165985039,0.06494342881187709,0.053539405169706455,0.06389901183748004,0.05416257715625106,1.428998336878404,3.338419652228517,3.3224936717635187,,,0.42899833687840405,0.112806550742839,0.33550126564729627,,,0.0324679670920049,0.0322113063892256,0.0509864810637294,,,1.3653622907268428,3.27528665181065,3.2225620051801758,,,1.4926343830299653,3.401552652646384,3.4224253383468617,,,0.42899833687840405,0.338419652228517,1.6775063282364813,,
100,30,1.042353804895362,3.0184536965019486,4.918445514778039,2.055470970936968,4.016273893889504,0.042353804895362,0.006151232167316205,0.016310897044392193,0.027735485468483922,0.004068473472375933,,,,,,,,,,,,,,,,0.042353804895362,0.018453696501948613,0.08155448522196096,0.055470970936967845,0.016273893889503732,1.4315430402926712,3.41076591774706,2.8498468848195384,,,0.4315430402926712,0.1369219725823534,0.4300306230360923,,,0.0295386889877521,0.0293566811803738,0.0386353838170041,,,1.3736482737261473,3.353227879927903,2.774122924009329,,,1.4894378068591951,3.4683039555662174,2.925570845629748,,,0.4315430402926712,0.41076591774706017,2.1501531151804616,,
10,40,1.1817694766640316,3.0978061078883306,4.595343382606036,1.952619860460504,3.6605107402501176,0.18176947666403165,0.03260203596277685,0.08093132347879273,0.023690069769747968,0.0848723149374706,,,,,,,,,,,,,,,,0.18176947666403165,0.09780610788833055,0.40465661739396364,0.047380139539495936,0.3394892597498824,1.3415617844402683,3.399014633308965,3.264013948955886,,,0.3415617844402683,0.133004877769655,0.34719721020882277,,,0.0814521898178822,0.0842509696413276,0.1308437554848131,,,1.181918425935299,3.2338857671493857,3.007564900603687,,,1.5012051429452375,3.5641434994685444,3.520462997308085,,,0.3415617844402683,0.399014633308965,1.7359860510441139,,
20,40,1.1687151079564213,3.1381490650856616,4.289669550716429,1.81932196764314,4.124831091819036,0.1687151079564213,0.0460496883618872,0.14206608985671423,0.09033901617842999,0.031207772954759072,,,,,,,,,,,,,,,,0.1687151079564213,0.1381490650856616,0.7103304492835711,0.18067803235685997,0.12483109181903629,1.4106532112576065,3.3767307715499197,5.107490217528263,,,0.41065321125760645,0.12557692384997324,0.021498043505652653,,,0.0595849810701153,0.0614252139517729,0.095332301585327,,,1.2938687943406797,3.2563395644617774,4.920642339857712,,,1.5274376281745332,3.497121978638062,5.294338095198815,,,0.41065321125760645,0.37673077154991974,0.10749021752826327,,
30,40,0.9757934774187578,3.02883038134497,4.971627256740159,2.044620143704398,4.052398690607241,0.02420652258124223,0.009610127114989986,0.005674548651968259,0.02231007185219891,0.013099672651810224,,,,,,,,,,,,,,,,0.02420652258124223,0.028830381344969958,0.028372743259841293,0.04462014370439782,0.052398690607240894,1.4164273665787082,3.4238036821015525,4.285119685874308,,,0.41642736657870816,0.14126789403385084,0.14297606282513833,,,0.0500657832695982,0.0479467112921507,0.0928748300256817,,,1.3183002345125077,3.329829854791797,4.103088363953693,,,1.5145544986449087,3.517777509411308,4.467151007794924,,,0.41642736657870816,0.4238036821015525,0.7148803141256916,,
40,40,1.080492890556933,3.042085506168153,4.931202345507017,2.0024698464087205,4.009986399462976,0.0804928905569331,0.014028502056050959,0.013759530898596672,0.0012349232043602498,0.0024965998657440203,,,,,,,,,,,,,,,,0.0804928905569331,0.042085506168152875,0.06879765449298336,0.0024698464087204997,0.009986399462976081,1.4255694822818474,3.366558500648302,3.3318313828907584,,,0.42556948228184743,0.12218616688276729,0.3336337234218483,,,0.0417909009641686,0.0420899404955239,0.068309887390689,,,1.3436608215105967,3.2840637331656413,3.197946463817021,,,1.5074781430530981,3.4490532681309625,3.4657163019644956,,,0.42556948228184743,0.36655850064830187,1.6681686171092416,,
50,40,1.0369237552583792,3.111990015248862,4.825746915636274,1.9817012897496484,3.952619896658321,0.03692375525837921,0.03733000508295407,0.034850616872745196,0.009149355125175784,0.011845025835419798,,,,,,,,,,,,,,,,0.03692375525837921,0.1119900152488622,0.174253084363726,0.01829871025035157,0.04738010334167919,1.3756732415988318,3.421463304381545,4.889730417613825,,,0.37567324159883175,0.14048776812718167,0.022053916477234915,,,0.0373490545482401,0.0373773772811601,0.0580259302484861,,,1.3024704398276592,3.3482049910739056,4.776001684157359,,,1.4488760433700043,3.4947216176891844,5.003459151070292,,,0.37567324159883175,0.421463304381545,0.11026958238617457,,
60,40,1.0290264932250983,2.998378994272517,4.953529696548923,2.0037920011898938,3.978429705355344,0.029026493225098315,0.0005403352424943423,0.009294060690215388,0.0018960005949468783,0.0053925736611639685,,,,,,,,,,,,,,,,0.029026493225098315,0.001621005727483027,0.046470303451076944,0.0037920011898937567,0.021570294644655874,1.395846301648806,3.355575720702965,4.800708530186024,,,0.3958463016488061,0.11852524023432161,0.039858293962795166,,,0.0339006390611723,0.0336174871938452,0.047844481703747,,,1.3294022700360166,3.2896866565522918,4.706935069187694,,,1.4622903332615955,3.421464784853638,4.894481991184354,,,0.3958463016488061,0.35557572070296484,0.19929146981397583,,
70,40,1.0876496689853423,3.0390917273151645,4.874603217986168,2.027115528858812,4.001445729129943,0.08764966898534232,0.013030575771721509,0.025079356402766352,0.013557764429406038,0.00036143228248564085,,,,,,,,,,,,,,,,0.08764966898534232,0.039091727315164526,0.12539678201383175,0.027115528858812077,0.0014457291299425634,1.4154775428616608,3.4268491429288908,4.901689222108459,,,0.41547754286166083,0.1422830476429636,0.019662155578308214,,,0.0311897656233838,0.0301339651826308,0.044099919096886,,,1.354346725553583,3.3677876564595506,4.815254968957432,,,1.4766083601697386,3.485910629398231,4.988123475259486,,,0.41547754286166083,0.42684914292889076,0.09831077789154108,,
80,40,1.096952596016652,3.0368028186563825,4.780185912928309,2.0121697583138767,3.9261403627459135,0.09695259601665196,0.012267606218794155,0.04396281741433814,0.006084879156938339,0.018464909313521627,,,,,,,,,,,,,,,,0.09695259601665196,0.03680281865638246,0.2198140870716907,0.012169758313876677,0.07385963725408651,1.398969603611928,3.3705337154856823,4.550640193577244,,,0.3989696036119279,0.12351123849522742,0.08987196128455129,,,0.029880537831882,0.0302609781212624,0.0443346291645802,,,1.3404048256227525,3.3112232882310533,4.463745917146727,,,1.4575343816011033,3.4298441427403112,4.63753447000776,,,0.3989696036119279,0.37053371548568226,0.4493598064227564,,
90,40,0.9823408692534245,3.021054493983976,4.923152523886549,1.981732932732428,4.0109453114443445,0.017659130746575546,0.007018164661325284,0.015369495222690155,0.009133533633785995,0.0027363278610861297,,,,,,,,,,,,,,,,0.017659130746575546,0.021054493983975853,0.07684747611345077,0.01826706726757199,0.010945311444344519,1.3994235846937868,3.418286921019116,4.302520537624693,,,0.3994235846937868,0.1394289736730386,0.13949589247506147,,,0.0273494171607992,0.0278964495030601,0.0426377576348405,,,1.3458197120604587,3.3636108846965778,4.218952068278858,,,1.453027457327115,3.472962957341654,4.386089006970527,,,0.3994235846937868,0.4182869210191158,0.6974794623753073,,
100,40,0.9741720642009516,2.9724678149111177,5.056341177278453,1.980919911878156,4.046361094510683,0.025827935799048407,0.009177395029627444,0.011268235455690601,0.009540044060922015,0.011590273627670733,,,,,,,,,,,,,,,,0.025827935799048407,0.027532185088882333,0.056341177278453,0.01908008812184403,0.04636109451068293,1.3739142906052817,3.388233709580075,4.2992442533836375,,,0.3739142906052817,0.12941123652669173,0.1401511493232725,,,0.0266850398633299,0.026440198759296,0.0473644652511971,,,1.3216125735471393,3.3364118722677745,4.206411607344292,,,1.426216007663424,3.440055546892376,4.392076899422983,,,0.3739142906052817,0.3882337095800752,0.7007557466163625,,
10,50,1.4740547203603227,3.401309751356713,4.390640669329521,1.6490714399302762,3.1595923843979064,0.4740547203603227,0.1337699171189044,0.1218718661340958,0.17546428003486192,0.2101019039005234,,,,,,,,,,,,,,,,0.4740547203603227,0.4013097513567132,0.609359330670479,0.35092856006972384,0.8404076156020936,1.4839738933510191,3.4568613437741487,3.5996102208292022,,,0.48397389335101915,0.1522871145913829,0.28007795583415956,,,0.0784661442230907,0.0750337382960293,0.1006984428740298,,,1.3301830766680358,3.3097979190885276,3.4022448994968397,,,1.6377647100340025,3.6039247684597697,3.7969755421615647,,,0.48397389335101915,0.45686134377414866,1.4003897791707978,,
20,50,1.283702331511459,3.2094040199317115,4.047571750232119,1.859438253563482,3.9804281525076384,0.28370233151145907,0.06980133997723718,0.19048564995357625,0.07028087321825904,0.004892961873090407,,,,,,,,,,,,,,,,0.28370233151145907,0.20940401993171154,0.9524282497678813,0.1405617464365181,0.019571847492361627,1.4291880884395862,3.420518461112138,6.6641551239221055,,,0.4291880884395862,0.14017282037071274,0.3328310247844211,,,0.0558419246002199,0.0533401775381635,0.1021708916936186,,,1.319739927395754,3.3159736342083654,6.46390385593427,,,1.5386362494834185,3.525063288015911,6.864406391909941,,,0.4291880884395862,0.4205184611121382,1.6641551239221055,,
30,50,1.0435196839374634,2.947340368917419,5.030760714201958,2.0396255456490917,4.0152671920026695,0.043519683937463416,0.017553210360860366,0.006152142840391584,0.019812772824545855,0.003816798000667365,,,,,,,,,,,,,,,,0.043519683937463416,0.05265963108258109,0.030760714201957917,0.03962554564909171,0.01526719200266946,1.3749528977983951,3.317438545107636,3.441804050173197,,,0.37495289779839513,0.10581284836921201,0.3116391899653606,,,0.0454081223621495,0.0463594328866047,0.0659751136462796,,,1.2859546133629942,3.226575726306189,3.312495203550552,,,1.463951182233796,3.408301363909083,3.571112896795842,,,0.37495289779839513,0.317438545107636,1.558195949826803,,
40,50,1.0902916957637234,3.040882028809889,4.878649476950711,1.965263582231096,3.946413941774974,0.09029169576372342,0.013627342936629669,0.02427010460985777,0.017368208884452008,0.013396514556256456,,,,,,,,,,,,,,,,0.09029169576372342,0.040882028809889004,0.12135052304928884,0.034736417768904015,0.05358605822502582,1.4431819551369518,3.362754595533171,3.050293707715188,,,0.4431819551369518,0.120918198511057,0.38994125845696237,,,0.0379922293126327,0.0376748538329754,0.054544382049811,,,1.3687185539918048,3.2889132388977282,2.9433886833385654,,,1.5176453562820988,3.436595952168614,3.157198732091811,,,0.4431819551369518,0.362754595533171,1.9497062922848118,,
50,50,0.9515757984794893,3.0121162577024787,5.074425657452071,2.056544902301608,3.904101499630957,0.048424201520510746,0.004038752567492902,0.014885131490414238,0.0282724511508039,0.023974625092260782,,,,,,,,,,,,,,,,0.048424201520510746,0.012116257702478705,0.07442565745207119,0.0565449023016078,0.09589850036904313,1.336707976508976,3.39552110470981,5.348265178683159,,,0.336707976508976,0.1318403682366034,0.06965303573663188,,,0.0348276542248625,0.0345586809750562,0.0499472558008213,,,1.2684470285622313,3.3277873346454903,5.250370356186941,,,1.4049689244557206,3.46325487477413,5.446160001179378,,,0.336707976508976,0.39552110470981017,0.3482651786831594,,
60,50,1.015485403327015,2.9836740588916237,4.959351527048307,1.9776214544496236,4.005060389962222,0.01548540332701509,0.005441980369458754,0.008129694590338587,0.01118927277518822,0.001265097490555478,,,,,,,,,,,,,,,,0.01548540332701509,0.016325941108376263,0.04064847295169294,0.02237854555037644,0.005060389962221912,1.4057404101446855,3.405049224963392,3.721264495874359,,,0.40574041014468554,0.13501640832113063,0.2557471008251282,,,0.0302747040695789,0.0301955745770885,0.0444808107383936,,,1.3464030805257028,3.3458669862998054,3.6340837088239653,,,1.4650777397636683,3.4642314636269784,3.808445282924753,,,0.40574041014468554,0.4050492249633919,1.278735504125641,,
70,50,1.0517046526575888,3.007796035854368,4.893459123160604,1.978565346777125,4.003598544360075,0.051704652657588834,0.002598678618122611,0.02130817536787912,0.010717326611437539,0.0008996360900186406,,,,,,,,,,,,,,,,0.051704652657588834,0.007796035854367833,0.10654087683939562,0.021434653222875077,0.0035985443600745626,1.4240342932279584,3.40148986988388,3.871146110177409,,,0.4240342932279584,0.13382995662795993,0.22577077796451822,,,0.0271144923825858,0.0275669858571143,0.0414508308830369,,,1.3708908646990046,3.3474595704416106,3.789903974517396,,,1.4771777217569122,3.455520169326149,3.952388245837422,,,0.4240342932279584,0.4014898698838798,1.128853889822591,,
80,50,1.066959607603411,3.046303228963727,4.853667916775751,2.0219611338905734,4.046366286499158,0.06695960760341091,0.01543440965457569,0.02926641664484979,0.010980566945286707,0.01159157162478941,,,,,,,,,,,,,,,,0.06695960760341091,0.04630322896372707,0.14633208322424895,0.021961133890573414,0.04636628649915764,1.3981093021171156,3.440292083865912,5.077414766675352,,,0.3981093021171156,0.14676402795530397,0.015482953335070349,,,0.0250014747844213,0.0255448529425935,0.0398451211789768,,,1.3491073119792636,3.390225092108057,4.999319764204923,,,1.4471112922549676,3.490359075623767,5.15550976914578,,,0.3981093021171156,0.4402920838659119,0.07741476667535174,,
90,50,1.0309408332971932,3.035845876667848,4.876971175651381,1.9893219539048328,4.064606552900531,0.030940833297193215,0.011948625555949407,0.024605764869723858,0.005339023047583602,0.01615163822513277,,,,,,,,,,,,,,,,0.030940833297193215,0.03584587666784822,0.12302882434861928,0.010678046095167204,0.06460655290053108,1.3866054635189229,3.408996941602636,4.264669615951333,,,0.3866054635189229,0.13633231386754532,0.14706607680973338,,,0.0240138205736658,0.0246328352660307,0.0381540991702127,,,1.339539240063331,3.3607174716441075,4.189888955715147,,,1.4336716869745147,3.4572764115611645,4.339450276187519,,,0.3866054635189229,0.408996941602636,0.7353303840486669,,
100,50,1.0198501000842743,2.990852290239393,4.993358508981415,2.0405484147947512,4.025669786296577,0.019850100084274347,0.003049236586869064,0.0013282982037170043,0.02027420739737562,0.0064174465741442255,,,,,,,,,,,,,,,,0.019850100084274347,0.009147709760607192,0.006641491018585022,0.04054841479475124,0.025669786296576902,1.4357141653150085,3.409767290815153,4.381461732357598,,,0.4357141653150085,0.13658909693838428,0.12370765352848032,,,0.0234015061050446,0.0232539743680579,0.0373626316483701,,,1.389848056165127,3.364190338556342,4.308232319959156,,,1.48158027446489,3.455344243073964,4.45469114475604,,,0.4357141653150085,0.40976729081515284,0.6185382676424016,,
10,60,1.0611303569128323,3.0808838460632435,4.867614868866166,1.9898203863019943,4.084760808419314,0.06113035691283231,0.026961282021081168,0.026477026226766752,0.0050898068490028425,0.02119020210482847,,,,,,,,,,,,,,,,0.06113035691283231,0.0808838460632435,0.13238513113383377,0.010179613698005685,0.08476080841931388,1.436188924633849,3.4524062390145147,1.8553870143136288,,,0.43618892463384906,0.1508020796715049,0.6289225971372743,,,0.0715474933074569,0.0693007143603641,0.0931036802154556,,,1.295958414567113,3.3165793347653034,1.6729071542632015,,,1.576419434700585,3.588233143263726,2.037866874364056,,,0.43618892463384906,0.4524062390145147,3.144612985686371,,
20,60,1.0557428908716406,3.0479338998714787,4.985670393091786,2.009718235889632,3.918342882608341,0.05574289087164064,0.015977966623826223,0.0028659213816428775,0.004859117944816083,0.020414279347914732,,,,,,,,,,,,,,,,0.05574289087164064,0.04793389987147867,0.014329606908214387,0.009718235889632165,0.08165711739165893,1.3869912571857812,3.375176549399294,4.007183324973889,,,0.3869912571857812,0.1250588497997646,0.1985633350052222,,,0.0488693335014515,0.0486687678146773,0.0720799438197609,,,1.2912091235744596,3.279787517310584,3.8659092310794874,,,1.4827733907971028,3.4705655814880036,4.148457418868291,,,0.3869912571857812,0.3751765493992938,0.9928166750261109,,
30,60,0.9389551054746992,3.016149777374892,4.994274214860474,1.9992380531185827,3.9658261340229193,0.06104489452530082,0.0053832591249639945,0.0011451570279051638,0.0003809734407086429,0.00854346649427018,,,,,,,,,,,,,,,,0.06104489452530082,0.016149777374891983,0.005725785139525819,0.0007619468814172858,0.03417386597708072,1.3616235148884583,3.439209126618847,3.714577496035411,,,0.36162351488845834,0.1464030422062823,0.2570845007929178,,,0.0387996568985852,0.0395993490466959,0.0550068010147632,,,1.2855775847547204,3.3615958286760925,3.606766147141714,,,1.4376694450221963,3.5168224245616013,3.8223888449291086,,,0.36162351488845834,0.4392091266188469,1.2854225039645888,,
40,60,1.0250108593550376,2.934792289171761,5.003368813784646,1.979906831067345,3.9783901709592655,0.02501085935503755,0.021735903609412983,0.000673762756929186,0.010046584466327446,0.005402457260183624,,,,,,,,,,,,,,,,0.02501085935503755,0.06520771082823895,0.00336881378464593,0.020093168932654892,0.021609829040734496,1.410463170387494,3.3449435409557378,4.577432970247387,,,0.4104631703874939,0.11498118031857925,0.08451340595052255,,,0.0335678364663281,0.0328525512427234,0.049866008921039,,,1.3446714198745606,3.2805537237197435,4.479697388709398,,,1.4762549209004272,3.409333358191732,4.675168551785377,,,0.4104631703874939,0.34494354095573776,0.42256702975261273,,
50,60,1.022037699013404,3.025597354587819,4.989058671062747,1.9579427164131136,3.984817799868759,0.02203769901340391,0.008532451529272992,0.0021882657874506607,0.021028641793443215,0.003795550032810291,,,,,,,,,,,,,,,,0.02203769901340391,0.025597354587818977,0.010941328937253303,0.04205728358688643,0.015182200131241164,1.371004657221783,3.374463931312381,4.281161197228188,,,0.3710046572217831,0.12482131043746032,0.1437677605543623,,,0.029376367343575,0.0295325520483797,0.0436470512815483,,,1.3134280352317576,3.316581192926002,4.195614548684981,,,1.4285812792118087,3.43234666969876,4.366707845771396,,,0.3710046572217831,0.374463931312381,0.7188388027718116,,
60,60,0.9603155087498167,3.0497148071322937,5.01484970670405,2.027295346737995,3.979848200700372,0.03968449125018325,0.016571602377431233,0.0029699413408099673,0.013647673368997415,0.005037949824907018,,,,,,,,,,,,,,,,0.03968449125018325,0.049714807132293704,0.014849706704049837,0.02729534673799483,0.02015179929962807,1.3311409599148318,3.4003858222133267,5.345907114425479,,,0.33114095991483183,0.1334619407377756,0.06918142288509585,,,0.0283373978042315,0.02838478835486,0.0481110629277513,,,1.2756006808029536,3.3447526593290093,5.251611163829146,,,1.38668123902671,3.456018985097644,5.440203065021812,,,0.33114095991483183,0.40038582221332675,0.3459071144254793,,
70,60,0.9958372810150182,2.978384690388891,4.990422305546407,2.043623892824113,4.017988774867623,0.0041627189849817725,0.007205103203702971,0.0019155388907185155,0.021811946412056527,0.004497193716905823,,,,,,,,,,,,,,,,0.0041627189849817725,0.021615309611108913,0.009577694453592578,0.04362389282411305,0.01798877486762329,1.3971898880672011,3.371384573086636,4.775127133703044,,,0.3971898880672011,0.12379485769554528,0.04497457325939127,,,0.0257982685901201,0.0259249923225464,0.0411778525187262,,,1.3466262107670748,3.3205725218349675,4.6944200258056386,,,1.4477535653673275,3.422196624338304,4.855834241600449,,,0.3971898880672011,0.37138457308663586,0.22487286629695635,,
80,60,1.0239474310577994,2.9716738283092314,5.006312901803049,2.0323133959006703,4.018470740808527,0.023947431057799395,0.009442057230256188,0.0012625803606098884,0.01615669795033514,0.004617685202131794,,,,,,,,,,,,,,,,0.023947431057799395,0.028326171690768565,0.006312901803049442,0.03231339590067028,0.018470740808527175,1.4326997422152945,3.380548696293177,5.034314514685057,,,0.4326997422152945,0.126849565431059,0.006862902937011484,,,0.023865666559911,0.0241076926235657,0.0364170550699711,,,1.385923895290827,3.333298487000626,4.962938398324902,,,1.479475589139762,3.427798905585728,5.105690631045213,,,0.4326997422152945,0.380548696293177,0.03431451468505742,,
90,60,1.006890790200459,2.9893004333901785,4.999635866240133,2.011452327112956,3.961821092947353,0.006890790200458907,0.00356652220327384,7.28267519734871e-05,0.005726163556478037,0.00954472676316176,,,,,,,,,,,,,,,,0.006890790200458907,0.01069956660982152,0.00036413375986743546,0.011452327112956073,0.03817890705264704,1.410823809824427,3.404607746333705,4.30606345037861,,,0.410823809824427,0.13486924877790166,0.138787309924278,,,0.0223726937524108,0.0226946528450987,0.0340631921009559,,,1.3669741358325576,3.360127044115672,4.239300820662267,,,1.4546734838162965,3.449088448551738,4.372826080094953,,,0.410823809824427,0.404607746333705,0.6939365496213901,,
100,60,0.9926578026446192,3.0349719804089914,4.957561429038455,1.9945520544148323,4.0129225575067125,0.007342197355380775,0.011657326802997137,0.00848771419230907,0.002723972792583851,0.0032306393766781127,,,,,,,,,,,,,,,,0.007342197355380775,0.03497198040899141,0.04243857096154535,0.005447945585167702,0.012922557506712451,1.4012095596215035,3.4506381884987345,4.840863059956474,,,0.4012095596215035,0.15021272949957817,0.031827388008705174,,,0.0208884360444864,0.0210010995389916,0.0304706754537167,,,1.3602689772809418,3.40947678976657,4.781141633482581,,,1.4421501419620653,3.491799587230899,4.900584486430367,,,0.4012095596215035,0.4506381884987345,0.15913694004352585,,
10,70,1.382280444639711,3.382792331383869,-2.4674628172904045,0.3376892378290632,3.632847333821681,0.382280444639711,0.127597443794623,1.493492563458081,0.8311553810854684,0.09178816654457977,,,,,,,,,,,,,,,,0.382280444639711,0.38279233138386903,7.4674628172904045,1.6623107621709368,0.3671526661783191,1.359317448052406,3.359573933830388,1.9663452469212148,,,0.35931744805240595,0.1198579779434626,0.6067309506157571,,,0.0662986301077245,0.0668139522019108,0.0872536762745014,,,1.229374520816923,3.2286209938498622,1.795331183904475,,,1.4892603752878888,3.4905268738109134,2.1373593099379544,,,0.35931744805240595,0.3595739338303878,3.0336547530787854,,
20,70,0.9875636132894806,3.201319277789515,4.737935086044804,2.0570281786179403,3.971884843665989,0.012436386710519387,0.0671064259298384,0.05241298279103912,0.028514089308970147,0.0070287890835027955,,,,,,,,,,,,,,,,0.012436386710519387,0.2013192777895152,0.2620649139551956,0.057028178617940295,0.028115156334011182,1.316343806050188,3.4886116216328,4.728523180076687,,,0.31634380605018797,0.16287054054426667,0.054295363984662615,,,0.0434680684358398,0.0443095816610562,0.0637134878593788,,,1.2311479574384196,3.4017664374070935,4.603647038542874,,,1.4015396546619563,3.5754568058585066,4.8533993216105,,,0.31634380605018797,0.48861162163280003,0.2714768199233131,,
30,70,1.047694304256007,3.0028204408433448,5.00721704460464,1.9911899865139369,4.012195111596624,0.04769430425600696,0.0009401469477815875,0.0014434089209279578,0.00440500674303157,0.003048777899155919,,,,,,,,,,,,,,,,0.04769430425600696,0.0028204408433447625,0.0072170446046397885,0.00881001348606314,0.012195111596623676,1.4282106267344288,3.394962879120785,5.068136967237157,,,0.4282106267344288,0.1316542930402617,0.013627393447431402,,,0.0386277945833234,0.0383431704066015,0.0598730908994187,,,1.3525015405489036,3.319811646070764,4.950787865431203,,,1.503919712919954,3.470114112170806,5.185486069043111,,,0.4282106267344288,0.3949628791207851,0.06813696723715701,,
40,70,1.01081514606721,3.018756616654002,4.992581870122132,1.990296096120494,4.077128665650848,0.010815146067209902,0.006252205551333952,0.0014836259755735882,0.004851951939752963,0.019282166412712076,,,,,,,,,,,,,,,,0.010815146067209902,0.018756616654001856,0.0074181298778679405,0.009703903879505926,0.0771286656508483,1.3957474165440584,3.402460332740487,3.27825457600414,,,0.39574741654405843,0.13415344424682907,0.34434908479917203,,,0.0317420660341985,0.0319208647801816,0.0414075701291099,,,1.3335341103221372,3.339896587415958,3.197097229863768,,,1.4579607227659797,3.4650240780650163,3.359411922144512,,,0.39574741654405843,0.4024603327404872,1.72174542399586,,
50,70,1.0272903588869011,3.1307594713517157,4.727255308765547,2.017588933664361,3.998681613610808,0.027290358886901123,0.04358649045057191,0.054548938246890624,0.008794466832180436,0.0003295965972980319,,,,,,,,,,,,,,,,0.027290358886901123,0.13075947135171573,0.2727446912344531,0.017588933664360873,0.0013183863891921277,1.3449085673404877,3.4434217290180067,3.68904047653855,,,0.3449085673404877,0.14780724300600223,0.26219190469229003,,,0.0277599944575713,0.028259998130641,0.0418657675884018,,,1.2904999779926165,3.388033150478781,3.606985079880158,,,1.3993171566883589,3.4988103075572323,3.7710958731969417,,,0.3449085673404877,0.4434217290180067,1.3109595234614502,,
60,70,1.00935158951272,3.0199622409569606,4.990947219900155,1.9628449213758683,3.96585887084816,0.009351589512720082,0.006654080318986881,0.0018105560199689562,0.01857753931206585,0.008535282287959967,,,,,,,,,,,,,,,,0.009351589512720082,0.019962240956960642,0.009052780099844782,0.0371550786241317,0.034141129151839866,1.4111539343165247,3.402729337106046,3.3774680693909187,,,0.4111539343165247,0.13424311236868203,0.32450638612181626,,,0.0251150797400476,0.0254666057736561,0.0380748585382301,,,1.3619292825571798,3.3528157069812003,3.3028427179395305,,,1.4603785860758696,3.452642967230892,3.452093420842307,,,0.4111539343165247,0.4027293371060461,1.6225319306090813,,
70,70,1.0411439184955442,3.015835959967505,4.941096525088375,2.025402311297261,3.999317068521623,0.04114391849554422,0.005278653322501696,0.011780694982324924,0.012701155648630502,0.00017073286959423672,,,,,,,,,,,,,,,,0.04114391849554422,0.015835959967505087,0.05890347491162462,0.025402311297261004,0.0006829314783769469,1.4022869882855895,3.382859339951977,4.280328700038326,,,0.4022869882855895,0.12761977998399235,0.14393425999233483,,,0.0238055662796337,0.023946097910673,0.0345611741418604,,,1.3556289357459264,3.335925850476788,4.212590043456863,,,1.4489450408252527,3.429792829427166,4.348067356619789,,,0.4022869882855895,0.3828593399519771,0.7196712999616741,,
80,70,0.9941582323751248,3.018337203076226,4.947232033058452,2.0552460524897267,4.024498996865122,0.005841767624875205,0.006112401025408627,0.01055359338830968,0.027623026244863347,0.0061247492162805894,,,,,,,,,,,,,,,,0.005841767624875205,0.018337203076225883,0.052767966941548394,0.055246052489726694,0.024498996865122358,1.402588055230211,3.40014259571623,3.9189538234393977,,,0.402588055230211,0.1333808652387433,0.21620923531212047,,,0.0221747583456424,0.0221501618898889,0.0310378291677422,,,1.359126327506873,3.356729076160316,3.858120796112316,,,1.446049782953549,3.443556115272144,3.9797868507664793,,,0.402588055230211,0.4001425957162299,1.0810461765606023,,
90,70,0.9912509999151172,3.043226465861617,4.99342012681115,2.0401622485671425,3.9900618936987735,0.008749000084882774,0.01440882195387235,0.001315974637769912,0.020081124283571228,0.0024845265753066226,,,,,,,,,,,,,,,,0.008749000084882774,0.04322646586161705,0.006579873188849561,0.040162248567142456,0.00993810630122649,1.3699811882437072,3.4256431456324385,5.215958084430634,,,0.3699811882437072,0.14188104854414618,0.04319161688612674,,,0.0208946156530595,0.0207652491924163,0.0370826287220282,,,1.3290284940929038,3.3849440050853032,5.1432774676833874,,,1.4109338823945106,3.466342286179574,5.28863870117788,,,0.3699811882437072,0.42564314563243855,0.2159580844306337,,
100,70,1.0034755363637509,3.0281021614679005,4.963074811790195,1.9932741113974788,4.031125325697288,0.003475536363750864,0.009367387155966819,0.007385037641961034,0.0033629443012606064,0.007781331424322024,,,,,,,,,,,,,,,,0.003475536363750864,0.028102161467900455,0.03692518820980517,0.006725888602521213,0.031125325697288098,1.397612505240036,3.447183500308004,3.97390764967678,,,0.3976125052400361,0.1490611667693346,0.205218470064644,,,0.0194408441369505,0.0196303333979032,0.027881896189441,,,1.3595091509025565,3.4087087538436,3.919260137324791,,,1.4357158595775157,3.4856582467724078,4.028555162028769,,,0.3976125052400361,0.4471835003080038,1.02609235032322,,
10,80,1.1564335980555434,3.0896514246217013,4.555196548077424,2.020439006059831,3.7943468982870634,0.15643359805554335,0.02988380820723376,0.08896069038451522,0.010219503029915478,0.05141327542823415,,,,,,,,,,,,,,,,0.15643359805554335,0.08965142462170128,0.4448034519225761,0.020439006059830955,0.2056531017129366,1.4859147107640458,3.390235917071909,-0.6066621407944853,,,0.4859147107640458,0.13007863902396974,1.121332428158897,,,0.0594843025929265,0.0595453534928616,0.0732735140038354,,,1.3693276200364273,3.273529168779194,-0.750275589262694,,,1.6025018014916643,3.5069426653646243,-0.46304869232627666,,,0.4859147107640458,0.3902359170719092,5.606662140794485,,
20,80,1.0493558623905206,2.962369400618673,4.871207701354896,1.9791246139338408,3.987428192449471,0.04935586239052059,0.01254353312710895,0.0257584597290208,0.01043769303307962,0.0031429518876322504,,,,,,,,,,,,,,,,0.04935586239052059,0.037630599381326846,0.128792298645104,0.02087538606615924,0.012571807550529002,1.4191997863478514,3.32393046119756,4.252574365636306,,,0.4191997863478514,0.10797682039918666,0.14948512687273877,,,0.0427359481148418,0.0422655584585324,0.0664583134475122,,,1.335438867197589,3.2410914888323643,4.122318464805908,,,1.5029607054981138,3.4067694335627556,4.382830266466704,,,0.4191997863478514,0.32393046119755997,0.7474256343636938,,
30,80,1.1404090442775,3.115241122821543,4.46871914466263,2.0551681784711398,4.049632049047561,0.1404090442774999,0.03841370760718096,0.10625617106747391,0.027584089235569875,0.012408012261890145,,,,,,,,,,,,,,,,0.1404090442774999,0.11524112282154286,0.5312808553373696,0.05516817847113975,0.04963204904756058,1.3990370393017997,3.415162189952829,3.862164003181848,,,0.3990370393017997,0.13838739665094302,0.2275671993636304,,,0.0329571830331364,0.0330371200346093,0.0498545821477508,,,1.3344421475249577,3.350410624532068,3.7644508177079627,,,1.4636319310786416,3.47991375537359,3.9598771886557333,,,0.3990370393017997,0.41516218995282905,1.137835996818152,,
40,80,1.0493451534850626,3.0291051026486264,4.938574823033573,2.018591269510277,3.933741809777038,0.04934515348506263,0.009701700882875475,0.012285035393285426,0.009295634755138504,0.01656454755574055,,,,,,,,,,,,,,,,0.04934515348506263,0.029105102648626424,0.06142517696642713,0.01859126951027701,0.0662581902229622,1.417784165494759,3.370271617466176,4.773069127379777,,,0.41778416549475894,0.1234238724887254,0.04538617452404452,,,0.0293096066753023,0.029368945169839,0.0461453781324087,,,1.3603383920101317,3.31270954266936,4.682625848187274,,,1.4752299389793861,3.4278336922629924,4.863512406572281,,,0.41778416549475894,0.3702716174661762,0.2269308726202226,,
50,80,1.0428446870679378,3.056548190719304,4.7997348763505405,2.022080638917849,4.028296656911736,0.04284468706793776,0.018849396906434723,0.040053024729891896,0.011040319458924586,0.007074164227933943,,,,,,,,,,,,,,,,0.04284468706793776,0.05654819071930417,0.20026512364945948,0.02208063891784917,0.028296656911735774,1.3625582391621762,3.371875771588364,3.83784055167776,,,0.3625582391621762,0.12395859052945468,0.23243188966444803,,,0.0270359968815895,0.0272080932277059,0.0390214685636588,,,1.3095686589881237,3.3185488887740524,3.7613598786691265,,,1.4155478193362288,3.4252026544026757,3.914321224686393,,,0.3625582391621762,0.37187577158836405,1.1621594483222402,,
60,80,0.97866946336532,2.9466109516172145,5.0476229630246285,1.9501679330659631,4.038676303767493,0.021330536634679986,0.01779634946092849,0.009524592604925709,0.024916033467018428,0.009669075941873162,,,,,,,,,,,,,,,,0.021330536634679986,0.053389048382785464,0.04762296302462854,0.049832066934036856,0.03867630376749265,1.3960029293858087,3.3547384158363247,5.254493918399424,,,0.3960029293858087,0.11824613861210824,0.05089878367988483,,,0.0246570794631587,0.0240687246261574,0.0362876784313085,,,1.3476759416740756,3.3075645824152438,5.183371375591489,,,1.4443299170975419,3.4019122492574057,5.3256164612073595,,,0.3960029293858087,0.3547384158363247,0.25449391839942415,,
70,80,1.0393145625211813,3.0115712269241874,5.001583529667911,2.000730310896497,4.0072042687206855,0.03931456252118126,0.003857075641395813,0.00031670593358228415,0.00036515544824844426,0.0018010671801713674,,,,,,,,,,,,,,,,0.03931456252118126,0.011571226924187439,0.0015835296679114208,0.0007303108964968885,0.007204268720685469,1.4039647747588575,3.383666030073802,4.495603088352217,,,0.4039647747588575,0.12788867669126733,0.10087938232955658,,,0.0214329660822299,0.0220363721892551,0.0314073432280534,,,1.3619569331558183,3.340475534232942,4.434045826775145,,,1.4459726163618967,3.426856525914662,4.55716034992929,,,0.4039647747588575,0.38366603007380196,0.5043969116477829,,
80,80,1.0573875863819304,3.069051269901194,4.841452950326341,2.040414962585285,4.015253409307168,0.05738758638193042,0.023017089967064603,0.03170940993473188,0.020207481292642493,0.00381335232679203,,,,,,,,,,,,,,,,0.05738758638193042,0.06905126990119381,0.1585470496736594,0.040414962585284986,0.01525340930716812,1.3944258924086756,3.3870147229661542,4.491821702467106,,,0.39442589240867565,0.12900490765538475,0.10163565950657887,,,0.0202779477385477,0.0203475849466677,0.0333638093001612,,,1.3546818451607368,3.347134189298316,4.426429837851727,,,1.4341699396566145,3.4268952566339923,4.557213567082484,,,0.39442589240867565,0.38701472296615425,0.5081782975328943,,
90,80,0.9805357319361474,2.993718422352482,5.028780823500352,1.980554373455147,3.98008754689238,0.019464268063852597,0.0020938592158392666,0.005756164700070343,0.009722813272426523,0.004978113276905005,,,,,,,,,,,,,,,,0.019464268063852597,0.0062815776475178,0.028780823500351715,0.019445626544853045,0.01991245310762002,1.388700212948187,3.4152605503545117,3.134185378640437,,,0.3887002129481869,0.1384201834515039,0.37316292427191267,,,0.0192479165349454,0.0196105858764463,0.0267556069633863,,,1.350974989762261,3.376824508320947,3.0817453526076903,,,1.4264254361341129,3.4536965923880762,3.1866254046731832,,,0.3887002129481869,0.4152605503545117,1.8658146213595632,,
100,80,0.9754319493124132,2.968257993849106,5.061507276841263,2.0101857278926167,4.027015969508785,0.02456805068758683,0.01058066871696465,0.012301455368252511,0.005092863946308368,0.006753992377196205,,,,,,,,,,,,,,,,0.02456805068758683,0.03174200615089395,0.06150727684126256,0.010185727892616736,0.02701596950878482,1.3712454964292549,3.361181927659687,4.090841815188143,,,0.37124549642925486,0.12039397588656235,0.18183163696237142,,,0.0189887159874627,0.0190170277359354,0.0288926576573107,,,1.334028296981168,3.3239092382042545,4.034213246762168,,,1.4084626958773416,3.3984546171151195,4.147470383614118,,,0.37124549642925486,0.36118192765968704,0.9091581848118571,,
10,90,1.0599781750747348,3.0308189118532525,4.913690190323692,1.9579606807419507,4.063806553577704,0.059978175074734796,0.010272970617750824,0.017261961935261638,0.021019659629024634,0.015951638394426038,,,,,,,,,,,,,,,,0.059978175074734796,0.030818911853252473,0.08630980967630819,0.04203931925804927,0.06380655357770415,1.348788587404274,3.3593716453994773,5.437893608850475,,,0.348788587404274,0.11979054846649244,0.08757872177009496,,,0.0578573613355946,0.0593827406875593,0.0969687884906601,,,1.2353902429459884,3.2429836123485796,5.247838275784299,,,1.4621869318625595,3.475759678450375,5.62794894191665,,,0.348788587404274,0.3593716453994773,0.4378936088504748,,
20,90,1.0474715534344248,3.0423693482154595,4.793613836301883,2.0951021135256984,4.030079260635828,0.047471553434424774,0.014123116071819819,0.04127723273962332,0.04755105676284921,0.007519815158957055,,,,,,,,,,,,,,,,0.047471553434424774,0.04236934821545946,0.20638616369811658,0.09510211352569842,0.03007926063582822,1.4215851277649303,3.378649657107993,3.9120409268536704,,,0.4215851277649303,0.12621655236933105,0.2175918146292659,,,0.0400159767327831,0.0392217682800269,0.0553668565894696,,,1.3431552545624825,3.301776403869165,3.803523882001116,,,1.500015000967378,3.4555229103468212,4.020557971706225,,,0.4215851277649303,0.37864965710799314,1.0879590731463296,,
30,90,0.9889485685030645,3.0523507438612043,4.910141177433289,2.012560233035836,3.882904614840405,0.011051431496935549,0.01745024795373477,0.017971764513342238,0.006280116517918044,0.02927384628989871,,,,,,,,,,,,,,,,0.011051431496935549,0.05235074386120431,0.08985882256671118,0.012560233035836088,0.11709538515959483,1.3670887592860983,3.409604055160658,4.676370478775439,,,0.3670887592860983,0.1365346850535527,0.06472590424491216,,,0.0305954144136232,0.030553945160728,0.0496537578528187,,,1.307122848943319,3.3497194230600194,4.579050901686841,,,1.4270546696288775,3.469488687261297,4.773690055864037,,,0.3670887592860983,0.4096040551606581,0.3236295212245608,,
40,90,1.0209612431990112,2.990314454400408,4.958719835647559,2.0464805642092143,4.061401974694055,0.02096124319901116,0.0032285151998639647,0.008256032870488284,0.023240282104607157,0.015350493673513821,,,,,,,,,,,,,,,,0.02096124319901116,0.009685545599591894,0.04128016435244142,0.046480564209214315,0.061401974694055284,1.4152694010877294,3.380599928568917,3.069184178433056,,,0.41526940108772936,0.12686664285630567,0.3861631643133888,,,0.0275902200365319,0.027835431318641,0.0379136293351083,,,1.3611935634905914,3.3260434856902426,2.994874830413042,,,1.4693452386848673,3.4351563714475915,3.1434935264530695,,,0.41526940108772936,0.380599928568917,1.9308158215669442,,
50,90,0.9713023988183448,3.039390313445576,4.952470846222749,2.0275960611552724,4.020852900312158,0.028697601181655208,0.013130104481858732,0.009505830755450261,0.013798030577636178,0.005213225078039452,,,,,,,,,,,,,,,,0.028697601181655208,0.0393903134455762,0.04752915377725131,0.027596061155272356,0.020852900312157807,1.3799912182335288,3.416010258547778,5.116393879722059,,,0.37999121823352877,0.1386700861825926,0.023278775944411835,,,0.0242997825336443,0.0244625292124167,0.0396516255243108,,,1.3323645196354306,3.3680645823206823,5.03867812176594,,,1.427617916831627,3.4639559347748734,5.194109637678178,,,0.37999121823352877,0.41601025854777784,0.11639387972205917,,
60,90,1.0000391714772612,3.01678446848898,5.013499464137095,2.000312302992391,4.040865808058641,3.917147726117953e-05,0.0055948228296599884,0.0026998928274190705,0.00015615149619541135,0.010216452014660149,,,,,,,,,,,,,,,,3.917147726117953e-05,0.016784468488979964,0.013499464137095352,0.0003123029923908227,0.040865808058640596,1.4060371132083027,3.4340444209082,5.6417295634974165,,,0.4060371132083027,0.14468147363606665,0.1283459126994833,,,0.0221804772833591,0.0223730541369763,0.0391142556542503,,,1.36256417657301,3.3901940405755617,5.565067031132994,,,1.4495100498435953,3.477894801240838,5.718392095861839,,,0.4060371132083027,0.43404442090819995,0.6417295634974165,,
70,90,0.9965564128016062,2.992515705014412,5.023500825984132,2.006697929542632,3.997557463763803,0.0034435871983937716,0.002494764995195927,0.004700165196826411,0.0033489647713160764,0.0006106340590492643,,,,,,,,,,,,,,,,0.0034435871983937716,0.0074842949855877805,0.023500825984132057,0.006697929542632153,0.002442536236197057,1.3965659234207364,3.4005726263418508,5.308769330160715,,,0.3965659234207364,0.1335242087806169,0.061753866032142925,,,0.0206821951676581,0.0206664331220475,0.0353229432737537,,,1.356029565770898,3.360067161733732,5.239537633516206,,,1.4371022810705747,3.4410780909499694,5.378001026805223,,,0.3965659234207364,0.40057262634185076,0.3087693301607146,,
80,90,1.0186687212184655,3.036923676296138,4.942631159882222,1.9756876841472453,3.966582040883933,0.018668721218465523,0.012307892098712673,0.011473768023555663,0.012156157926377364,0.00835448977901676,,,,,,,,,,,,,,,,0.018668721218465523,0.03692367629613802,0.05736884011777832,0.02431231585275473,0.03341795911606704,1.394105627185766,3.4150009167201576,3.715318717725279,,,0.3941056271857659,0.1383336389067192,0.25693625645494417,,,0.0200186304099361,0.0198174936965569,0.0288704316327791,,,1.3548698325624728,3.3761593428110563,3.658733711506906,,,1.433341421809059,3.453842490629259,3.771903723943652,,,0.3941056271857659,0.4150009167201576,1.284681282274721,,
90,90,1.0360835066102991,2.9870421100200444,4.997016546761197,1.9824314629071176,4.064382165687086,0.03608350661029913,0.004319296659985206,0.000596690647760667,0.00878426854644121,0.01609554142177161,,,,,,,,,,,,,,,,0.03608350661029913,0.012957889979955617,0.0029834532388033352,0.01756853709288242,0.06438216568708643,1.4315241198876791,3.3786276635508177,4.731634816314488,,,0.43152411988767914,0.1262092211836059,0.05367303673710246,,,0.0180311185560501,0.0178914091888839,0.0284578274843364,,,1.396183776916849,3.343561145907936,4.675858499366934,,,1.4668644628585092,3.413694181193699,4.787411133262041,,,0.43152411988767914,0.3786276635508177,0.2683651836855123,,
100,90,1.0105239808930344,3.0010499241522743,5.005709206903013,2.008822583905444,3.9796461751148726,0.010523980893034413,0.00034997471742477987,0.0011418413806026707,0.004411291952721941,0.005088456221281845,,,,,,,,,,,,,,,,0.010523980893034413,0.0010499241522743397,0.005709206903013353,0.008822583905443881,0.02035382488512738,1.403295701322146,3.406864647355297,4.558531227043057,,,0.4032957013221461,0.13562154911843236,0.08829375459138866,,,0.0171823449001475,0.017257913323486,0.0264193925278725,,,1.3696189241479115,3.3730397587929506,4.506750169195,,,1.4369724784963807,3.4406895359176435,4.610312284891114,,,0.4032957013221461,0.40686464735529704,0.4414687729569433,,
10,100,1.1975616058882237,3.1021124034823404,4.523091097450816,2.045696914567728,3.8819908898233866,0.1975616058882237,0.0340374678274468,0.09538178050983674,0.022848457283864088,0.029502277544153355,,,,,,,,,,,,,,,,0.1975616058882237,0.10211240348234041,0.4769089025491837,0.045696914567728175,0.11800911017661342,1.4491221154635203,3.406129537637769,5.665895688298678,,,0.4491221154635203,0.13537651254592298,0.13317913765973569,,,0.050936989011385,0.0492907206154246,0.0851877902027415,,,1.3492874515202933,3.309521500459511,5.498930687578751,,,1.5489567794067474,3.502737574816027,5.832860689018606,,,0.4491221154635203,0.40612953763776893,0.6658956882986784,,
20,100,0.938565899385312,3.019197540797024,4.922020065461553,1.9200733685026588,3.873568041752316,0.061434100614688014,0.006399180265674727,0.015595986907689329,0.039963315748670625,0.03160798956192101,,,,,,,,,,,,,,,,0.061434100614688014,0.019197540797024182,0.07797993453844665,0.07992663149734125,0.12643195824768405,1.326053266158744,3.420040265816752,4.302110096268551,,,0.3260532661587441,0.1400134219389173,0.13957798074628974,,,0.036970736060156,0.0376201033571422,0.060738395996411,,,1.253591954998902,3.346306218142079,4.183065027636854,,,1.398514577318586,3.493774313491425,4.421155164900249,,,0.3260532661587441,0.4200402658167519,0.6978899037314488,,
30,100,1.0527288204803409,3.016750444101638,4.907735217301801,1.96574169885862,4.039917268057449,0.05272882048034089,0.005583481367212724,0.018452956539639763,0.017129150570689977,0.009979317014362277,,,,,,,,,,,,,,,,0.05272882048034089,0.016750444101638173,0.09226478269819882,0.034258301141379954,0.03991726805744911,1.3932708960399485,3.3907874047944158,4.366605900291672,,,0.39327089603994847,0.13026246826480525,0.12667881994166558,,,0.0298729409161757,0.0302555640774381,0.0471049911945511,,,1.3347210077319511,3.331487588870693,4.274281814058275,,,1.4518207843479458,3.4500872207181383,4.458929986525069,,,0.39327089603994847,0.39078740479441576,0.6333940997083278,,
40,100,1.0084124751891934,3.015811991177072,4.951742426403937,2.0227187432077383,3.999096957282892,0.008412475189193414,0.0052706637256907385,0.009651514719212528,0.011359371603869128,0.0002257606792770428,,,,,,,,,,,,,,,,0.008412475189193414,0.015811991177072215,0.04825757359606264,0.022718743207738257,0.0009030427171081712,1.4211705926378888,3.4012260906427523,4.602020156824073,,,0.4211705926378888,0.13374203021425077,0.07959596863518534,,,0.0257794780129469,0.0258413788663139,0.0387075668171435,,,1.3706437441922708,3.3505779187539226,4.526154719933294,,,1.4716974410835069,3.451874262531582,4.677885593714852,,,0.4211705926378888,0.4012260906427523,0.3979798431759267,,
50,100,1.0735467092741449,3.085235804463664,4.7665142402194505,1.989015155086094,4.050700018299778,0.07354670927414486,0.028411934821221358,0.046697151956109906,0.005492422456953028,0.012675004574944415,,,,,,,,,,,,,,,,0.07354670927414486,0.08523580446366408,0.23348575978054953,0.010984844913906056,0.05070001829977766,1.4452238271929665,3.421564086273076,4.41854963877908,,,0.4452238271929665,0.14052136209102528,0.11629007224418401,,,0.022782246779808,0.0222380307600643,0.0359113404724028,,,1.4005714440176391,3.377978346896256,4.3481647048166145,,,1.4898762103682939,3.465149825649896,4.488934572741545,,,0.4452238271929665,0.42156408627307584,0.5814503612209201,,
60,100,1.048109929944858,3.0372044368946,4.896981373915451,2.04338677154353,4.01293238143497,0.048109929944857965,0.012401478964866689,0.02060372521690983,0.02169338577176494,0.0032330953587424993,,,,,,,,,,,,,,,,0.048109929944857965,0.03720443689460007,0.10301862608454915,0.04338677154352988,0.012932381434969997,1.3986811882503982,3.396960287479206,3.2716749694442555,,,0.3986811882503982,0.13232009582640206,0.3456650061111489,,,0.0215230450269476,0.0212353446259781,0.0323049237766807,,,1.356496795159947,3.355339776812993,3.2083584823186495,,,1.4408655813408495,3.4385807981454195,3.3349914565698615,,,0.3986811882503982,0.3969602874792062,1.7283250305557445,,
70,100,1.0213468742105107,3.044982413219902,4.902546021777717,2.0156015960375697,4.012382671643093,0.021346874210510736,0.014994137739967309,0.01949079564445668,0.00780079801878486,0.0030956679107732032,,,,,,,,,,,,,,,,0.021346874210510736,0.04498241321990193,0.09745397822228341,0.01560159603756972,0.012382671643092813,1.412728194801966,3.421106189969054,3.179074276604132,,,0.4127281948019661,0.1403687299896846,0.3641851446791736,,,0.0192270351264737,0.0192062069518556,0.0278290408636668,,,1.3750438984245912,3.3834627160637942,3.1245303587870517,,,1.450412491179341,3.4587496638743134,3.2336181944212123,,,0.4127281948019661,0.4211061899690538,1.820925723395868,,
80,100,1.034020921846594,3.0328374358907046,4.907987898032457,1.978363908231877,4.00671230031619,0.03402092184659411,0.010945811963568216,0.018402420393508655,0.010818045884061545,0.0016780750790474919,,,,,,,,,,,,,,,,0.03402092184659411,0.03283743589070465,0.09201210196754328,0.02163609176812309,0.0067123003161899675,1.4116465532123006,3.3992173066494704,4.306290550725321,,,0.4116465532123006,0.13307243554982348,0.1387418898549358,,,0.018623201426247,0.0185491354164469,0.0286293769057799,,,1.3751457491400214,3.362861669288878,4.25017800309017,,,1.4481473572845798,3.4355729440100626,4.362403098360472,,,0.4116465532123006,0.3992173066494704,0.6937094492746789,,
90,100,0.9931375110085024,3.007245828505398,5.017123045858837,2.009509276508311,4.049522735797424,0.006862488991497551,0.0024152761684659296,0.0034246091717674786,0.004754638254155452,0.012380683949356097,,,,,,,,,,,,,,,,0.006862488991497551,0.007245828505397789,0.017123045858837393,0.009509276508310904,0.04952273579742439,1.3837874419291345,3.3971625969330708,3.454654985700815,,,0.3837874419291345,0.1323875323110236,0.309069002859837,,,0.0175247492566451,0.0175765099050728,0.0262907763053347,,,1.349439564548015,3.3627132705452167,3.40312601101676,,,1.418135319310254,3.431611923320925,3.50618396038487,,,0.3837874419291345,0.39716259693307077,1.5453450142991851,,
100,100,1.0119576740301557,2.9434383372202158,5.07687761353722,1.9844550130518157,4.025416668435898,0.011957674030155685,0.018853887593261415,0.015375522707443957,0.007772493474092146,0.006354167108974407,,,,,,,,,,,,,,,,0.011957674030155685,0.05656166277978425,0.07687761353721978,0.015544986948184292,0.025416668435897627,1.4249557259825318,3.3670445637810023,4.165158129506476,,,0.42495572598253184,0.12234818792700075,0.16696837409870485,,,0.016535230985401,0.0162952362315202,0.0253700322851987,,,1.392547268775095,3.3351064876476504,4.115433779940868,,,1.4573641831899686,3.398982639914354,4.214882479072084,,,0.42495572598253184,0.36704456378100225,0.8348418704935243,,
